"YEAR","MN","LEAD","CD","ForecastedMEAN","ClimatologicalMEAN","ForecastedSD","ClimatologicalSD","PO"
2022,1,1,1,8.71,8.71,0.45,0.45,0.58
2022,1,2,1,9.73,9.73,0.22,0.22,0.42
2022,1,3,1,11.53,11.53,3.14,3.14,1.05
2022,1,4,1,12.57,12.57,0.4,0.4,0.52
2022,1,5,1,12.75,12.75,0.17,0.17,0.36
2022,1,6,1,11.62,11.62,0.23,0.23,0.46
2022,1,7,1,12.16,12.16,0.22,0.22,0.37
2022,1,8,1,11.47,11.47,0.13,0.13,0.28
2022,1,9,1,11.67,11.67,0.18,0.18,0.3
2022,1,10,1,9.86,9.86,0.38,0.38,0.55
2022,1,11,1,8.99,8.99,0.91,0.91,0.87
2022,1,12,1,8.29,8.29,1.31,1.31,0.93
2022,1,13,1,8.71,8.71,0.45,0.45,0.58
2022,1,1,2,10.8,10.8,0.18,0.18,0.35
2022,1,2,2,11.1,11.1,0.13,0.13,0.29
2022,1,3,2,12.11,12.11,0.51,0.51,0.5
2022,1,4,2,11.34,11.34,0.14,0.14,0.26
2022,1,5,2,11.1,11.1,0.15,0.15,0.29
2022,1,6,2,11.17,11.17,0.28,0.28,0.41
2022,1,7,2,12.11,12.11,0.27,0.27,0.38
2022,1,8,2,13.34,13.34,0.15,0.15,0.29
2022,1,9,2,13.5,13.5,0.2,0.2,0.32
2022,1,10,2,12.22,12.22,0.5,0.5,0.6
2022,1,11,2,10.92,10.92,2.19,2.19,1.07
2022,1,12,2,10.38,10.38,0.6,0.6,0.6
2022,1,13,2,10.8,10.8,0.18,0.18,0.35
2022,1,1,3,9.09,8.87,0.1448,0.16,0.34
2022,1,2,3,10.36,10.36,0.13,0.13,0.29
2022,1,3,3,11.85,11.85,0.96,0.96,0.67
2022,1,4,3,12.82,12.5,0.8278,0.9,0.68
2022,1,5,3,12.91,12.91,0.74,0.74,0.67
2022,1,6,3,12.76,12.76,0.09,0.09,0.28
2022,1,7,3,13.02,12.7,0.115,0.12,0.29
2022,1,8,3,11.7,11.7,0.28,0.28,0.43
2022,1,9,3,11.69,11.49,0.3498,0.35,0.47
2022,1,10,3,9.75,9.75,0.22,0.22,0.46
2022,1,11,3,9.13,9.13,1.08,1.08,0.97
2022,1,12,3,8.58,8.58,0.46,0.46,0.62
2022,1,13,3,8.87,8.87,0.16,0.16,0.34
2022,1,1,4,11.15,11.15,0.25,0.25,0.38
2022,1,2,4,12.05,12.05,0.13,0.13,0.3
2022,1,3,4,12.2,12.2,0.41,0.41,0.47
2022,1,4,4,12.53,12.16,0.2276,0.25,0.37
2022,1,5,4,13.16,12.82,0.4488,0.45,0.49
2022,1,6,4,12.76,12.76,0.16,0.16,0.28
2022,1,7,4,13.73,13.21,0.1585,0.16,0.28
2022,1,8,4,12.24,12.24,0.28,0.28,0.38
2022,1,9,4,13.01,12.65,0.3,0.3,0.39
2022,1,10,4,11.74,11.74,0.72,0.72,0.66
2022,1,11,4,11.07,11.07,2.29,2.29,1.06
2022,1,12,4,10.8,10.8,0.37,0.37,0.47
2022,1,13,4,11.15,11.15,0.25,0.25,0.38
2022,1,1,5,9.3,9,0.0922,0.1,0.28
2022,1,2,5,9.96,9.96,0.1,0.1,0.27
2022,1,3,5,11.55,11.29,0.5681,0.6,0.59
2022,1,4,5,12.17,11.73,3.0196,3.18,1.04
2022,1,5,5,12.1,11.9,2.74,2.74,1.03
2022,1,6,5,12.31,12.05,0.0975,0.1,0.26
2022,1,7,5,11.85,11.49,0.1387,0.14,0.35
2022,1,8,5,10.79,10.79,0.47,0.47,0.59
2022,1,9,5,10.54,10.42,0.6273,0.63,0.71
2022,1,10,5,9.66,9.66,0.88,0.88,0.86
2022,1,11,5,8.67,8.67,1.64,1.64,1.07
2022,1,12,5,8.28,8.28,0.21,0.21,0.47
2022,1,13,5,9,9,0.1,0.1,0.28
2022,1,1,6,10.21,9.35,0.1108,0.12,0.28
2022,1,2,6,11.53,11.29,0.2703,0.3,0.49
2022,1,3,6,13.47,12.73,3.3777,3.42,1.05
2022,1,4,6,14.07,13.25,3.2802,3.59,1.06
2022,1,5,6,12.69,12.22,0.9804,0.99,0.77
2022,1,6,6,11.34,10.66,0.1198,0.12,0.28
2022,1,7,6,10.61,9.79,0.6321,0.64,0.63
2022,1,8,6,9.48,8.96,0.4259,0.43,0.51
2022,1,9,6,9.24,8.95,0.1699,0.17,0.38
2022,1,10,6,8.97,8.97,1.34,1.34,0.89
2022,1,11,6,8.66,8.66,0.65,0.65,0.7
2022,1,12,6,9.04,8.53,0.2508,0.26,0.42
2022,1,13,6,9.65,9.35,0.12,0.12,0.28
2022,1,1,7,10.4,10.4,0.47,0.47,0.53
2022,1,2,7,11.33,11.33,0.38,0.38,0.54
2022,1,3,7,12.13,11.94,0.5212,0.53,0.56
2022,1,4,7,13.42,12.67,0.4406,0.48,0.5
2022,1,5,7,14.35,13.21,0.5086,0.51,0.54
2022,1,6,7,13.14,12.64,0.2091,0.21,0.33
2022,1,7,7,14.21,12.92,0.169,0.17,0.29
2022,1,8,7,12.01,11.78,1.302,1.31,0.71
2022,1,9,7,11.62,10.98,1.102,1.11,0.68
2022,1,10,7,10.38,10.38,0.26,0.26,0.4
2022,1,11,7,9.67,9.67,0.35,0.35,0.5
2022,1,12,7,9.47,9.47,0.18,0.18,0.33
2022,1,13,7,10.4,10.4,0.47,0.47,0.53
2022,1,1,8,10,9.65,0.1445,0.15,0.29
2022,1,2,8,11.47,11.47,0.12,0.12,0.28
2022,1,3,8,12.29,11.97,0.3886,0.4,0.5
2022,1,4,8,13.46,12.65,0.6147,0.65,0.59
2022,1,5,8,12.98,12.18,0.2998,0.3,0.45
2022,1,6,8,13.21,12.49,0.1388,0.14,0.25
2022,1,7,8,11.91,11.11,0.1197,0.12,0.26
2022,1,8,8,10.93,10.57,0.1372,0.14,0.27
2022,1,9,8,10.26,10.07,1.8007,1.81,0.97
2022,1,10,8,9.69,9.69,2.05,2.05,1.02
2022,1,11,8,9.06,9.06,1.9,1.9,1.04
2022,1,12,8,8.8,8.8,0.27,0.27,0.46
2022,1,13,8,9.65,9.65,0.15,0.15,0.29
2022,1,1,9,11.22,10.95,0.585,0.61,0.62
2022,1,2,9,12.91,12.91,0.75,0.75,0.71
2022,1,3,9,13.91,13.36,3.4089,3.62,1.06
2022,1,4,9,15.25,14.35,3.4155,3.74,1.07
2022,1,5,9,13.69,13.47,2.8559,2.88,1.06
2022,1,6,9,13.51,12.54,0.1291,0.13,0.28
2022,1,7,9,11.96,10.73,0.1523,0.16,0.29
2022,1,8,9,10.63,9.48,0.3938,0.4,0.44
2022,1,9,9,10.29,9.93,2.86,2.86,1.07
2022,1,10,9,10.35,10.35,2.31,2.31,1.05
2022,1,11,9,10.49,10.49,0.45,0.45,0.56
2022,1,12,9,10.73,10.73,0.11,0.11,0.29
2022,1,13,9,10.95,10.95,0.61,0.61,0.62
2022,1,1,10,10.34,10.34,0.48,0.48,0.54
2022,1,2,10,11.61,11.61,1.21,1.21,0.8
2022,1,3,10,12.32,12.19,1.3177,1.34,0.78
2022,1,4,10,14.28,13.63,0.424,0.43,0.51
2022,1,5,10,14.41,13.98,1.7759,1.78,0.85
2022,1,6,10,14.5,13.95,0.3273,0.33,0.4
2022,1,7,10,13.84,12.89,0.3107,0.32,0.39
2022,1,8,10,12.58,12.06,1.1496,1.15,0.63
2022,1,9,10,11.47,10.44,0.8141,0.82,0.59
2022,1,10,10,10.73,10.73,0.18,0.18,0.29
2022,1,11,10,10.06,10.06,0.48,0.48,0.53
2022,1,12,10,10.09,10.09,0.29,0.29,0.41
2022,1,13,10,10.34,10.34,0.48,0.48,0.54
2022,1,1,11,13.18,13.18,0.23,0.23,0.36
2022,1,2,11,13.69,13.69,1.42,1.42,0.8
2022,1,3,11,13.89,13.66,1.0326,1.07,0.72
2022,1,4,11,14.96,14.19,0.2074,0.21,0.38
2022,1,5,11,14,13.78,0.1577,0.16,0.34
2022,1,6,11,13.5,13.01,0.3441,0.36,0.47
2022,1,7,11,12.38,11.49,0.416,0.42,0.45
2022,1,8,11,11.83,11.22,0.927,0.94,0.61
2022,1,9,11,12.77,11.7,0.3358,0.34,0.42
2022,1,10,11,13.05,13.05,2.94,2.94,1.01
2022,1,11,11,13.36,13.36,0.61,0.61,0.56
2022,1,12,11,13.48,13.48,0.31,0.31,0.43
2022,1,13,11,13.18,13.18,0.23,0.23,0.36
2022,1,1,12,10.16,10.47,0.1088,0.12,0.28
2022,1,2,12,10.85,10.85,0.52,0.52,0.56
2022,1,3,12,12.13,12.13,0.65,0.65,0.62
2022,1,4,12,14.62,14.51,1.3716,1.4,0.8
2022,1,5,12,16.97,16.97,1.11,1.11,0.77
2022,1,6,12,18.45,18.45,0.68,0.68,0.61
2022,1,7,12,15.59,15.59,0.26,0.26,0.38
2022,1,8,12,13,13,0.36,0.36,0.38
2022,1,9,12,11.14,10.03,0.2889,0.29,0.34
2022,1,10,12,10.92,10.57,0.7496,0.8,0.59
2022,1,11,12,10.77,10.47,0.4725,0.48,0.49
2022,1,12,12,10.86,10.86,0.13,0.13,0.28
2022,1,13,12,10.47,10.47,0.12,0.12,0.28
2022,1,1,13,10.91,10.89,0.3975,0.42,0.5
2022,1,2,13,11.08,11.08,0.62,0.62,0.57
2022,1,3,13,11.56,11.56,0.47,0.47,0.54
2022,1,4,13,12.76,12.36,0.6101,0.62,0.58
2022,1,5,13,13.14,13.14,0.3,0.3,0.42
2022,1,6,13,13.4,13.4,2.67,2.67,0.97
2022,1,7,13,12.46,12.26,1.3709,1.4,0.77
2022,1,8,13,11.35,10.99,1.0917,1.13,0.65
2022,1,9,13,12.22,10.47,0.2281,0.23,0.28
2022,1,10,13,10.85,10.85,0.68,0.68,0.56
2022,1,11,13,11.11,11.11,1.14,1.14,0.72
2022,1,12,13,11.37,11.37,0.89,0.89,0.69
2022,1,13,13,10.89,10.89,0.42,0.42,0.5
2022,1,1,14,6.29,5.93,0.463,0.48,0.6
2022,1,2,14,7.9,7.71,0.3873,0.4,0.58
2022,1,3,14,9.95,9.69,1.0875,1.19,0.86
2022,1,4,14,10.35,10.35,1.16,1.16,0.86
2022,1,5,14,10.31,10.31,2.19,2.19,1.05
2022,1,6,14,10.14,10.15,2.2857,2.29,1.07
2022,1,7,14,10.26,10.261,0.24001,0.24,1.5
2022,1,8,14,9.4,9.4,2.39,2.39,1.07
2022,1,9,14,8.12,8.12,2.32,2.32,1.06
2022,1,10,14,6.3,6.3,1.78,1.78,1.06
2022,1,11,14,5.3,5.3,0.98,0.98,0.87
2022,1,12,14,4.89,4.89,0.41,0.41,0.59
2022,1,13,14,5.93,5.93,0.48,0.48,0.6
2022,1,1,15,3.46,3.46,0.35,0.35,0.55
2022,1,2,15,5.86,5.86,1.34,1.34,0.98
2022,1,3,15,9.17,9.1,2.0998,2.25,1.06
2022,1,4,15,11.04,11.04,2.31,2.31,1.07
2022,1,5,15,11.33,11.33,0.23,0.23,0.43
2022,1,6,15,9.93,10.12,2.3594,2.41,1.01
2022,1,7,15,8.94,8.94,2.3,2.3,1.05
2022,1,8,15,6.94,6.94,2,2,0.98
2022,1,9,15,4.78,4.78,1.25,1.25,0.87
2022,1,10,15,2.97,2.97,0.38,0.38,0.54
2022,1,11,15,2.4,2.4,0.21,0.21,0.44
2022,1,12,15,2.48,2.48,0.25,0.25,0.49
2022,1,13,15,3.46,3.46,0.35,0.35,0.55
2022,1,1,16,2.51,2.51,0.16,0.16,0.35
2022,1,2,16,4.78,4.78,0.26,0.26,0.43
2022,1,3,16,7.88,7.88,0.51,0.51,0.6
2022,1,4,16,9.67,9.67,0.38,0.38,0.5
2022,1,5,16,9.39,9.31,0.1173,0.12,0.29
2022,1,6,16,7.78,7.75,0.77,0.77,0.72
2022,1,7,16,6.04,6.04,0.26,0.26,0.41
2022,1,8,16,4.32,4.32,0.42,0.42,0.47
2022,1,9,16,2.84,2.84,0.35,0.35,0.42
2022,1,10,16,1.75,1.75,0.23,0.23,0.37
2022,1,11,16,1.57,1.57,0.13,0.13,0.31
2022,1,12,16,1.79,1.79,0.64,0.64,0.91
2022,1,13,16,2.51,2.51,0.16,0.16,0.35
2022,1,1,17,2.35,2.35,0.11,0.11,0.27
2022,1,2,17,4.31,4.31,0.31,0.31,0.45
2022,1,3,17,6.92,6.92,0.61,0.61,0.64
2022,1,4,17,8.12,8.12,0.38,0.38,0.49
2022,1,5,17,7.6,7.61,0.1077,0.11,0.27
2022,1,6,17,5.81,5.73,0.1268,0.13,0.28
2022,1,7,17,4.43,4.43,0.17,0.17,0.29
2022,1,8,17,3.19,3.19,0.2,0.2,0.29
2022,1,9,17,2.16,2.16,0.2,0.2,0.28
2022,1,10,17,1.35,1.35,0.18,0.18,0.29
2022,1,11,17,1.3,1.3,0.12,0.12,0.26
2022,1,12,17,1.5,1.5,0.12,0.12,0.28
2022,1,13,17,2.35,2.35,0.11,0.11,0.27
2022,1,1,18,2.3,2.3,0.23,0.23,0.48
2022,1,2,18,4.17,4.17,0.15,0.15,0.27
2022,1,3,18,6.49,6.49,0.16,0.16,0.29
2022,1,4,18,7,6.95,0.3425,0.37,0.46
2022,1,5,18,5.73,5.73,0.1484,0.15,0.28
2022,1,6,18,4.33,4.3,0.1183,0.12,0.25
2022,1,7,18,3.56,3.56,0.19,0.19,0.36
2022,1,8,18,2.7,2.7,0.13,0.13,0.28
2022,1,9,18,1.88,1.88,0.14,0.14,0.29
2022,1,10,18,1.24,1.24,0.3,0.3,0.62
2022,1,11,18,1.14,1.14,0.16,0.16,0.38
2022,1,12,18,1.36,1.36,0.1,0.1,0.28
2022,1,13,18,2.3,2.3,0.23,0.23,0.48
2022,1,1,19,2.33,2.24,0.2071,0.21,0.47
2022,1,2,19,3.97,3.87,0.2428,0.26,0.49
2022,1,3,19,6.19,6.19,0.25,0.25,0.44
2022,1,4,19,6.16,6.44,0.3018,0.33,0.47
2022,1,5,19,5.18,5.36,0.1759,0.18,0.28
2022,1,6,19,3.35,3.52,0.186,0.19,0.29
2022,1,7,19,3.17,3.17,0.12,0.12,0.26
2022,1,8,19,2.72,2.72,0.11,0.11,0.27
2022,1,9,19,2.01,2.01,0.55,0.55,0.91
2022,1,10,19,1.55,1.49,0.1496,0.15,0.35
2022,1,11,19,1.32,1.32,0.12,0.12,0.28
2022,1,12,19,1.47,1.47,0.2,0.2,0.54
2022,1,13,19,2.24,2.24,0.21,0.21,0.47
2022,1,1,20,3.27,3.18,0.851,0.86,1.02
2022,1,2,20,5.06,5.06,0.11,0.11,0.29
2022,1,3,20,6.87,6.87,0.18,0.18,0.39
2022,1,4,20,6.25,6.65,0.3036,0.33,0.49
2022,1,5,20,4.95,5.03,0.1975,0.2,0.31
2022,1,6,20,3.57,3.78,0.1946,0.2,0.32
2022,1,7,20,3.8,3.8,0.31,0.31,0.53
2022,1,8,20,3.42,3.42,0.54,0.54,0.77
2022,1,9,20,2.71,2.7,0.3971,0.41,0.77
2022,1,10,20,1.91,1.88,0.1099,0.11,0.29
2022,1,11,20,1.82,1.82,0.12,0.12,0.29
2022,1,12,20,2.06,2.06,0.12,0.12,0.33
2022,1,13,20,3.18,3.18,0.86,0.86,1.02
2022,1,1,21,3.99,3.7,0.1565,0.16,0.41
2022,1,2,21,4.79,4.73,0.2852,0.3,0.63
2022,1,3,21,5.9,5.9,0.18,0.18,0.41
2022,1,4,21,5.32,5.62,0.1135,0.12,0.29
2022,1,5,21,4.13,4.4,0.1795,0.18,0.33
2022,1,6,21,2.93,3.15,0.3802,0.4,0.55
2022,1,7,21,3.66,3.66,0.16,0.16,0.4
2022,1,8,21,4.25,4.25,1.05,1.05,1.04
2022,1,9,21,4.37,4.36,0.5082,0.51,0.69
2022,1,10,21,4.1,4.04,0.14,0.14,0.3
2022,1,11,21,3.72,3.72,0.28,0.28,0.52
2022,1,12,21,3.49,3.49,0.13,0.13,0.34
2022,1,13,21,3.7,3.7,0.16,0.16,0.41
2022,1,1,22,7.68,7.11,0.4037,0.41,0.57
2022,1,2,22,9.07,8.77,0.4757,0.51,0.61
2022,1,3,22,10.48,10.15,1.3122,1.34,0.87
2022,1,4,22,9.99,9.87,0.9336,1,0.85
2022,1,5,22,9.93,9.83,0.0773,0.08,0.29
2022,1,6,22,9.75,9.75,0.1,0.1,0.3
2022,1,7,22,10.18,10.04,0.4385,0.44,0.6
2022,1,8,22,9.48,9.48,0.33,0.33,0.49
2022,1,9,22,8.58,8.55,2.4894,2.5,1.07
2022,1,10,22,7.32,7.32,6.91,6.91,1.5
2022,1,11,22,6.08,6.08,0.42,0.42,0.54
2022,1,12,22,5.86,5.86,0.71,0.71,0.71
2022,1,13,22,7.23,7.11,0.4061,0.41,0.57
2022,1,1,23,8.48,7.73,0.4664,0.49,0.6
2022,1,2,23,10.17,9.95,1.1322,1.15,0.83
2022,1,3,23,12.12,11.53,2.7033,2.72,1.02
2022,1,4,23,11.94,11.46,0.8444,0.88,0.72
2022,1,5,23,11.45,11.2,2.14,2.14,1.07
2022,1,6,23,10.65,10.51,0.48,0.48,0.61
2022,1,7,23,10.36,9.81,2.5642,2.58,1.04
2022,1,8,23,9.02,8.82,0.3662,0.37,0.5
2022,1,9,23,8.27,8.08,0.4495,0.45,0.59
2022,1,10,23,7.41,7.41,2.21,2.21,1.06
2022,1,11,23,6.75,6.75,0.37,0.37,0.52
2022,1,12,23,6.94,6.63,0.5212,0.53,0.61
2022,1,13,23,8.11,7.73,0.4886,0.49,0.6
2022,1,1,24,10.5,9.44,0.6898,0.7,0.66
2022,1,2,24,12.39,11.74,3.33,3.43,1.05
2022,1,3,24,14.58,13.6,4.3546,4.5,1.07
2022,1,4,24,13.89,13.53,2.3883,2.56,0.94
2022,1,5,24,12.57,12.46,3.47,3.47,1.07
2022,1,6,24,10.97,10.54,0.21,0.21,0.35
2022,1,7,24,10.34,9.99,0.3199,0.32,0.43
2022,1,8,24,10.01,9.62,0.927,0.94,0.73
2022,1,9,24,9.26,8.97,0.5195,0.53,0.6
2022,1,10,24,8.53,8.53,2.53,2.53,1.03
2022,1,11,24,7.56,7.56,0.86,0.86,0.73
2022,1,12,24,8.38,7.71,1.0165,1.02,0.77
2022,1,13,24,10.27,9.44,0.6855,0.7,0.66
2022,1,1,25,8.25,7.6,0.4035,0.44,0.53
2022,1,2,25,10.95,10.54,2.5554,2.6,1
2022,1,3,25,14.13,13.28,4.2961,4.39,1.07
2022,1,4,25,13.65,13.65,2.35,2.35,0.91
2022,1,5,25,12.99,12.99,1.62,1.62,0.81
2022,1,6,25,11.88,11.88,0.41,0.41,0.48
2022,1,7,25,10.08,10.08,0.17,0.17,0.3
2022,1,8,25,9.19,8.87,0.218,0.22,0.34
2022,1,9,25,7.43,7.05,0.4149,0.42,0.52
2022,1,10,25,5.85,5.85,1.53,1.53,0.93
2022,1,11,25,5.1,5.1,0.91,0.91,0.8
2022,1,12,25,5.51,5.47,1.7961,1.82,1.07
2022,1,13,25,7.93,7.6,0.4291,0.44,0.53
2022,1,1,26,5.97,5.81,1.6752,1.8,1.06
2022,1,2,26,9.01,8.8,0.5365,0.56,0.62
2022,1,3,26,11.97,11.57,1.4061,1.46,0.83
2022,1,4,26,12.69,12.69,3.17,3.17,1.07
2022,1,5,26,12.91,12.91,0.4,0.4,0.53
2022,1,6,26,11.83,11.68,0.5838,0.59,0.57
2022,1,7,26,10.84,10.84,3.4,3.4,1.05
2022,1,8,26,8.77,8.77,2.91,2.91,1.06
2022,1,9,26,6.5,6.44,1.8557,1.89,1.01
2022,1,10,26,4.43,4.43,0.7,0.7,0.72
2022,1,11,26,3.67,3.67,1.11,1.11,1.02
2022,1,12,26,3.86,3.86,0.58,0.58,0.73
2022,1,13,26,5.81,5.81,1.8,1.8,1.06
2022,1,1,27,5.45,5.45,1.64,1.64,1.04
2022,1,2,27,8.66,8.66,0.84,0.84,0.71
2022,1,3,27,11.93,11.71,1.5321,1.59,0.84
2022,1,4,27,13.01,13.01,1.27,1.27,0.79
2022,1,5,27,12.91,12.91,0.55,0.55,0.6
2022,1,6,27,11.44,11.44,0.98,0.98,0.67
2022,1,7,27,10.13,10.13,4.03,4.03,1.06
2022,1,8,27,7.55,7.55,2.32,2.32,0.95
2022,1,9,27,5.46,5.31,0.8407,0.85,0.71
2022,1,10,27,3.5,3.5,0.61,0.61,0.64
2022,1,11,27,2.87,2.87,0.9,0.9,1.01
2022,1,12,27,3.33,3.33,0.4,0.4,0.71
2022,1,13,27,5.45,5.45,1.64,1.64,1.04
2022,1,1,28,4.18,4.18,0.19,0.19,0.32
2022,1,2,28,6.82,6.82,0.4,0.4,0.54
2022,1,3,28,10,10,1.39,1.39,0.87
2022,1,4,28,11.33,11.33,0.45,0.45,0.55
2022,1,5,28,10.84,10.84,2.15,2.15,0.99
2022,1,6,28,9.32,9.32,0.34,0.34,0.44
2022,1,7,28,8.05,8.05,2.08,2.08,0.92
2022,1,8,28,5.94,5.94,1.61,1.61,0.88
2022,1,9,28,4.11,3.84,0.4521,0.46,0.5
2022,1,10,28,2.25,2.25,0.43,0.43,0.54
2022,1,11,28,1.92,1.92,0.13,0.13,0.28
2022,1,12,28,2.41,2.41,0.13,0.13,0.28
2022,1,13,28,4.18,4.18,0.19,0.19,0.32
2022,1,1,29,3.53,3.53,0.47,0.47,0.61
2022,1,2,29,6.16,6.16,1.13,1.13,0.8
2022,1,3,29,8.94,8.94,3.08,3.08,1.07
2022,1,4,29,9.58,9.58,1.66,1.66,0.87
2022,1,5,29,8.72,8.72,2.54,2.54,1.06
2022,1,6,29,6.8,6.8,0.31,0.31,0.43
2022,1,7,29,5.73,5.73,0.76,0.76,0.65
2022,1,8,29,3.9,3.9,0.34,0.34,0.44
2022,1,9,29,2.93,2.7,0.2541,0.26,0.36
2022,1,10,29,1.5,1.5,0.16,0.16,0.3
2022,1,11,29,1.48,1.48,0.14,0.14,0.29
2022,1,12,29,1.92,1.92,0.1,0.1,0.24
2022,1,13,29,3.53,3.53,0.47,0.47,0.61
2022,1,1,30,3.47,3.47,0.45,0.45,0.67
2022,1,2,30,6.2,6.2,0.83,0.83,0.74
2022,1,3,30,8.37,8.37,1,1,0.71
2022,1,4,30,8.68,8.68,0.53,0.53,0.51
2022,1,5,30,7.08,7.08,0.4,0.4,0.5
2022,1,6,30,5.38,5.38,0.21,0.21,0.4
2022,1,7,30,4.36,4.36,0.17,0.17,0.28
2022,1,8,30,3.19,3.19,0.18,0.18,0.29
2022,1,9,30,2.36,2.36,0.16,0.16,0.25
2022,1,10,30,1.35,1.35,0.15,0.15,0.29
2022,1,11,30,1.37,1.37,0.16,0.16,0.36
2022,1,12,30,1.87,1.87,0.16,0.16,0.37
2022,1,13,30,3.47,3.47,0.45,0.45,0.67
2022,1,1,31,3.3,3.3,0.34,0.34,0.69
2022,1,2,31,5.52,5.52,0.22,0.22,0.36
2022,1,3,31,6.75,6.75,0.7,0.7,0.63
2022,1,4,31,6.64,6.69,0.3781,0.39,0.48
2022,1,5,31,5,5,0.52,0.52,0.61
2022,1,6,31,4.01,3.95,0.4191,0.42,0.6
2022,1,7,31,3.81,3.68,0.1461,0.15,0.28
2022,1,8,31,3.12,3.12,0.12,0.12,0.27
2022,1,9,31,2.52,2.52,0.1,0.1,0.25
2022,1,10,31,1.64,1.64,0.35,0.35,0.86
2022,1,11,31,1.62,1.62,0.52,0.52,1.06
2022,1,12,31,2,2,0.15,0.15,0.41
2022,1,13,31,3.3,3.3,0.34,0.34,0.69
2022,1,1,32,2.98,2.98,0.08,0.08,0.24
2022,1,2,32,4.18,4.18,0.25,0.25,0.46
2022,1,3,32,4.92,4.84,0.487,0.49,0.62
2022,1,4,32,4.01,4.32,0.3424,0.37,0.52
2022,1,5,32,3.23,3.17,0.3194,0.32,0.45
2022,1,6,32,2.71,2.82,0.2997,0.3,0.5
2022,1,7,32,3.09,3.09,0.4229,0.43,0.64
2022,1,8,32,3.11,3.11,0.2,0.2,0.42
2022,1,9,32,2.82,2.82,0.19,0.19,0.46
2022,1,10,32,2.42,2.41,0.1505,0.16,0.39
2022,1,11,32,2.28,2.28,0.12,0.12,0.29
2022,1,12,32,2.41,2.41,0.1,0.1,0.28
2022,1,13,32,2.98,2.98,0.08,0.08,0.24
2022,1,1,33,7.3,7.11,0.65,0.65,0.66
2022,1,2,33,11.06,10.75,0.695,0.7,0.62
2022,1,3,33,14.47,13.99,1.9368,1.95,0.86
2022,1,4,33,14.27,14.27,0.27,0.27,0.39
2022,1,5,33,13.77,13.77,0.17,0.17,0.27
2022,1,6,33,11.35,11.35,0.27,0.27,0.35
2022,1,7,33,10.47,10.47,0.23,0.23,0.32
2022,1,8,33,8.55,8.32,0.2275,0.23,0.37
2022,1,9,33,6.75,6.08,0.3921,0.42,0.51
2022,1,10,33,4.53,4.53,0.63,0.63,0.62
2022,1,11,33,3.94,3.94,0.33,0.33,0.52
2022,1,12,33,4.56,4.56,0.83,0.83,0.85
2022,1,13,33,7.25,7.11,0.65,0.65,0.66
2022,1,1,34,5.47,5.47,0.74,0.74,0.72
2022,1,2,34,8.93,8.93,2.83,2.83,1.04
2022,1,3,34,11.95,11.95,0.73,0.73,0.66
2022,1,4,34,11.94,11.94,0.62,0.62,0.57
2022,1,5,34,11.64,11.64,0.17,0.17,0.27
2022,1,6,34,10.02,10.02,2.77,2.77,0.96
2022,1,7,34,8.89,8.89,0.98,0.98,0.66
2022,1,8,34,6.55,6.55,1.43,1.43,0.87
2022,1,9,34,4.87,4.39,0.4971,0.51,0.56
2022,1,10,34,2.77,2.77,0.38,0.38,0.51
2022,1,11,34,2.31,2.31,0.17,0.17,0.34
2022,1,12,34,2.9,2.9,0.23,0.23,0.43
2022,1,13,34,5.47,5.47,0.74,0.74,0.72
2022,1,1,35,4.2,4.17,0.22,0.22,0.4
2022,1,2,35,7.19,7.19,0.46,0.46,0.52
2022,1,3,35,9.84,9.84,3.08,3.08,1.07
2022,1,4,35,10.56,10.56,1.5,1.5,0.81
2022,1,5,35,9.5,9.5,0.57,0.57,0.55
2022,1,6,35,7.8,7.8,2.25,2.25,1.01
2022,1,7,35,6.55,6.55,2.41,2.41,1.07
2022,1,8,35,4.51,4.51,1.69,1.69,1.05
2022,1,9,35,3.15,3.01,0.63,0.64,0.72
2022,1,10,35,1.61,1.61,0.31,0.31,0.55
2022,1,11,35,1.5,1.5,0.14,0.14,0.28
2022,1,12,35,2.04,2.04,0.14,0.14,0.29
2022,1,13,35,4.17,4.17,0.22,0.22,0.4
2022,1,1,36,5.38,5.33,0.3669,0.37,0.55
2022,1,2,36,9.17,9.17,3.08,3.08,1.05
2022,1,3,36,12.04,12.04,0.37,0.37,0.47
2022,1,4,36,13.21,13.21,0.16,0.16,0.28
2022,1,5,36,11.64,11.64,0.16,0.16,0.27
2022,1,6,36,9.79,9.79,0.3,0.3,0.38
2022,1,7,36,8.11,8.11,0.53,0.53,0.52
2022,1,8,36,6.16,6.16,0.22,0.22,0.35
2022,1,9,36,4.99,4.56,1.6343,1.66,1
2022,1,10,36,2.82,2.82,0.42,0.42,0.55
2022,1,11,36,2.33,2.33,0.17,0.17,0.32
2022,1,12,36,3,3,0.17,0.17,0.3
2022,1,13,36,5.33,5.33,0.37,0.37,0.55
2022,1,1,37,3.23,3.16,0.3099,0.31,0.52
2022,1,2,37,5.59,5.59,1.99,1.99,1.03
2022,1,3,37,7,6.88,0.7453,0.77,0.63
2022,1,4,37,7.11,7.25,1.8294,1.88,0.93
2022,1,5,37,6.07,6.07,0.8,0.8,0.74
2022,1,6,37,4.92,4.92,0.39,0.39,0.59
2022,1,7,37,4.19,4.12,0.3287,0.33,0.51
2022,1,8,37,3.11,3.11,0.14,0.14,0.29
2022,1,9,37,2.16,2.16,0.16,0.16,0.33
2022,1,10,37,1.34,1.34,0.23,0.23,0.59
2022,1,11,37,1.29,1.29,0.28,0.28,0.65
2022,1,12,37,1.72,1.72,0.24,0.24,0.47
2022,1,13,37,3.16,3.16,0.31,0.31,0.52
2022,1,1,38,13.44,12.15,0.1933,0.2,0.33
2022,1,2,38,14.23,13.99,0.7451,0.75,0.63
2022,1,3,38,15.03,14.08,1.8312,1.88,0.85
2022,1,4,38,15.41,14.46,1.6499,1.65,0.84
2022,1,5,38,13.49,13.37,1.93,1.93,0.94
2022,1,6,38,13.39,12.18,0.4007,0.41,0.48
2022,1,7,38,11.37,10.21,0.4992,0.5,0.51
2022,1,8,38,10.95,9.83,0.987,1.01,0.66
2022,1,9,38,11.03,10.59,0.4795,0.49,0.58
2022,1,10,38,11.06,11.06,0.84,0.84,0.74
2022,1,11,38,11.58,11.58,0.15,0.15,0.32
2022,1,12,38,12.09,11.77,0.1896,0.19,0.37
2022,1,13,38,12.5,12.15,0.1981,0.2,0.33
2022,1,1,39,15.45,13.1,0.1804,0.19,0.31
2022,1,2,39,15.97,15.07,0.3795,0.4,0.45
2022,1,3,39,16.2,14.77,0.3855,0.4,0.44
2022,1,4,39,14.9,14.34,3.0636,3.07,0.99
2022,1,5,39,12.68,12.57,2.88,2.88,1
2022,1,6,39,12.37,11.39,1.7676,1.82,0.84
2022,1,7,39,10.99,10.54,1.3,1.3,0.75
2022,1,8,39,12.22,11.43,2.4465,2.52,0.91
2022,1,9,39,12.13,11.74,1.3854,1.4,0.79
2022,1,10,39,11.89,11.89,3.2,3.2,1.07
2022,1,11,39,11.45,11.45,0.46,0.46,0.54
2022,1,12,39,12.02,11.3,0.1381,0.14,0.29
2022,1,13,39,13.95,13.1,0.1897,0.19,0.31
2022,1,1,40,13.45,12.32,0.1453,0.15,0.27
2022,1,2,40,15.44,13.91,0.2694,0.28,0.36
2022,1,3,40,15.3,14.69,2.5617,2.59,0.89
2022,1,4,40,13.45,13.15,0.7834,0.8,0.63
2022,1,5,40,11.73,11.62,1.05,1.05,0.74
2022,1,6,40,11.16,10.97,0.6586,0.66,0.61
2022,1,7,40,10.4,10.4,0.22,0.22,0.35
2022,1,8,40,11.12,10.74,0.4107,0.42,0.46
2022,1,9,40,11.13,10.84,0.5956,0.61,0.55
2022,1,10,40,10.78,10.78,3.26,3.26,1.02
2022,1,11,40,9.78,9.78,2.91,2.91,1.06
2022,1,12,40,11.44,10.16,0.3479,0.35,0.43
2022,1,13,40,13.72,12.32,0.1401,0.15,0.27
2022,1,1,41,9.86,9.32,0.2965,0.32,0.48
2022,1,2,41,12.71,11.83,0.7976,0.83,0.64
2022,1,3,41,14.86,14.05,4.5092,4.51,1.03
2022,1,4,41,13.27,12.77,0.3799,0.38,0.4
2022,1,5,41,12.31,11.86,0.2,0.2,0.3
2022,1,6,41,10.88,10.88,0.17,0.17,0.26
2022,1,7,41,9.75,9.75,0.2,0.2,0.3
2022,1,8,41,9.63,9.3,0.3767,0.38,0.46
2022,1,9,41,8.26,7.77,0.1753,0.18,0.3
2022,1,10,41,6.96,6.96,0.54,0.54,0.51
2022,1,11,41,6.43,6.43,1.01,1.01,0.8
2022,1,12,41,7.49,6.97,0.4584,0.47,0.55
2022,1,13,41,10.12,9.32,0.2892,0.32,0.48
2022,1,1,42,9.16,8.82,0.1318,0.14,0.29
2022,1,2,42,12.67,12.15,0.7613,0.8,0.65
2022,1,3,42,15.3,15.02,4.57,4.57,1.06
2022,1,4,42,14.63,14.63,0.44,0.44,0.43
2022,1,5,42,13.56,13.56,1.89,1.89,0.8
2022,1,6,42,12.32,12.32,0.18,0.18,0.27
2022,1,7,42,11.06,11.06,0.21,0.21,0.33
2022,1,8,42,10,10,0.17,0.17,0.29
2022,1,9,42,8.06,7.54,0.7193,0.76,0.61
2022,1,10,42,5.63,5.63,0.28,0.28,0.34
2022,1,11,42,5.12,5.12,1.03,1.03,0.83
2022,1,12,42,5.94,5.6,0.1337,0.14,0.28
2022,1,13,42,9.44,8.82,0.1284,0.14,0.29
2022,1,1,43,8.2,8.2,0.45,0.45,0.53
2022,1,2,43,12.42,12.42,0.38,0.38,0.44
2022,1,3,43,15.14,15.14,0.16,0.16,0.28
2022,1,4,43,15.17,15.17,0.47,0.47,0.45
2022,1,5,43,13.55,13.55,3.92,3.92,1.05
2022,1,6,43,11.83,11.83,0.89,0.89,0.64
2022,1,7,43,11.1,11.1,0.17,0.17,0.29
2022,1,8,43,9,9,0.15,0.15,0.28
2022,1,9,43,7.61,7.38,1.2018,1.28,0.76
2022,1,10,43,5.13,5.13,0.42,0.42,0.43
2022,1,11,43,4.55,4.55,0.3,0.3,0.42
2022,1,12,43,5.28,5.28,0.17,0.17,0.29
2022,1,13,43,8.41,8.2,0.4426,0.45,0.53
2022,1,1,44,5.2,5.1,0.158,0.16,0.3
2022,1,2,44,8.46,8.46,0.29,0.29,0.39
2022,1,3,44,10.82,10.82,0.4,0.4,0.5
2022,1,4,44,12.28,12.28,0.43,0.43,0.47
2022,1,5,44,11.65,11.65,0.4,0.4,0.48
2022,1,6,44,10.05,10.05,0.36,0.36,0.44
2022,1,7,44,8.19,8.19,0.17,0.17,0.29
2022,1,8,44,5.77,5.77,0.13,0.13,0.25
2022,1,9,44,4.68,4.34,0.5983,0.63,0.57
2022,1,10,44,2.91,2.91,0.56,0.56,0.56
2022,1,11,44,2.68,2.68,0.63,0.63,0.63
2022,1,12,44,3.21,3.21,0.18,0.18,0.27
2022,1,13,44,5.1,5.1,0.16,0.16,0.3
2022,1,1,45,3.12,3.33,0.3311,0.36,0.47
2022,1,2,45,5.64,5.75,1.9626,2,0.97
2022,1,3,45,7.6,7.66,2.2581,2.28,1.01
2022,1,4,45,8.92,9.04,2.5497,2.57,1.02
2022,1,5,45,9.02,9.02,0.52,0.52,0.59
2022,1,6,45,7.51,7.51,0.3,0.3,0.47
2022,1,7,45,6.05,6.05,0.26,0.26,0.42
2022,1,8,45,3.89,3.89,0.46,0.46,0.55
2022,1,9,45,2.86,2.86,0.34,0.34,0.38
2022,1,10,45,1.72,1.72,0.21,0.21,0.29
2022,1,11,45,1.6,1.6,0.17,0.17,0.26
2022,1,12,45,2.03,2.03,0.18,0.18,0.28
2022,1,13,45,3.33,3.33,0.36,0.36,0.47
2022,1,1,46,3.51,3.69,0.8546,0.9,0.94
2022,1,2,46,5.45,5.51,0.4826,0.5,0.58
2022,1,3,46,6.28,6.23,0.1694,0.17,0.29
2022,1,4,46,6.68,6.91,0.3861,0.39,0.51
2022,1,5,46,6.51,6.51,0.38,0.38,0.57
2022,1,6,46,5.84,5.84,0.47,0.47,0.63
2022,1,7,46,4.62,4.68,0.1688,0.17,0.34
2022,1,8,46,3.16,3.16,0.31,0.31,0.52
2022,1,9,46,2.33,2.33,0.32,0.32,0.54
2022,1,10,46,1.71,1.71,0.12,0.12,0.31
2022,1,11,46,1.6,1.6,0.1,0.1,0.28
2022,1,12,46,2.22,2.22,0.11,0.11,0.3
2022,1,13,46,3.69,3.69,0.9,0.9,0.94
2022,1,1,47,2.7,2.87,0.2888,0.29,0.44
2022,1,2,47,3.82,3.95,0.1932,0.2,0.3
2022,1,3,47,4.44,4.53,0.19,0.19,0.29
2022,1,4,47,5.65,5.78,0.2,0.2,0.36
2022,1,5,47,6.61,6.61,1.58,1.58,1.03
2022,1,6,47,5.98,5.98,0.32,0.32,0.51
2022,1,7,47,4.55,4.55,0.1799,0.18,0.35
2022,1,8,47,2.71,2.71,0.48,0.48,0.66
2022,1,9,47,2.04,2.04,0.29,0.29,0.42
2022,1,10,47,1.58,1.58,0.23,0.23,0.49
2022,1,11,47,1.46,1.46,0.14,0.14,0.37
2022,1,12,47,1.88,1.88,0.2,0.2,0.44
2022,1,13,47,2.87,2.87,0.29,0.29,0.44
2022,1,1,48,3.68,3.74,0.2546,0.26,0.51
2022,1,2,48,3.65,3.81,0.3665,0.37,0.54
2022,1,3,48,3.11,3.36,0.4779,0.49,0.6
2022,1,4,48,3.32,3.44,0.1986,0.2,0.36
2022,1,5,48,3.78,3.78,0.12,0.12,0.32
2022,1,6,48,4.71,4.71,0.68,0.68,0.74
2022,1,7,48,4.25,4.61,0.4688,0.47,0.6
2022,1,8,48,4.1,4.13,0.2563,0.27,0.43
2022,1,9,48,3.73,3.73,0.65,0.65,0.79
2022,1,10,48,3.54,3.54,0.22,0.22,0.42
2022,1,11,48,3.59,3.59,0.14,0.14,0.28
2022,1,12,48,3.59,3.59,0.13,0.13,0.28
2022,1,13,48,3.74,3.74,0.26,0.26,0.51
2022,1,1,49,2.28,2.28,0.1,0.1,0.29
2022,1,2,49,3.25,3.25,0.26,0.26,0.44
2022,1,3,49,3.61,3.58,0.3538,0.36,0.47
2022,1,4,49,3.05,3.34,0.2646,0.29,0.42
2022,1,5,49,2.55,2.53,0.3475,0.35,0.52
2022,1,6,49,2.54,2.55,0.1278,0.13,0.28
2022,1,7,49,2.52,2.69,0.2794,0.29,0.5
2022,1,8,49,2.5,2.49,0.1725,0.18,0.43
2022,1,9,49,2.02,1.98,0.1699,0.17,0.45
2022,1,10,49,1.62,1.59,0.1,0.1,0.3
2022,1,11,49,1.63,1.57,0.11,0.11,0.29
2022,1,12,49,1.78,1.73,0.0893,0.09,0.27
2022,1,13,49,2.28,2.28,0.1,0.1,0.29
2022,1,1,50,16.75,15.4,0.2868,0.29,0.37
2022,1,2,50,16.19,15.78,1.0892,1.1,0.69
2022,1,3,50,15.36,14.96,1.8257,1.9,0.85
2022,1,4,50,15.01,14.56,0.7841,0.84,0.68
2022,1,5,50,13.65,13.65,2.35,2.35,0.95
2022,1,6,50,13.32,12.71,2.0132,2.06,0.9
2022,1,7,50,11.7,11.55,2.6172,2.62,0.95
2022,1,8,50,12,11.75,2.2993,2.38,0.91
2022,1,9,50,13.67,13.12,0.5,0.5,0.55
2022,1,10,50,14.76,14.76,2.41,2.41,0.94
2022,1,11,50,15.42,15.42,0.34,0.34,0.41
2022,1,12,50,15.16,15.16,0.16,0.16,0.29
2022,1,13,50,15.4,15.4,0.29,0.29,0.37
2022,1,1,51,16.13,15.09,0.2875,0.29,0.37
2022,1,2,51,17.05,16.28,0.73,0.73,0.56
2022,1,3,51,15.27,14.9,1.148,1.18,0.69
2022,1,4,51,13.57,13.26,0.3396,0.36,0.47
2022,1,5,51,11.69,11.69,0.62,0.62,0.61
2022,1,6,51,11.2,11.1,2.6635,2.68,0.97
2022,1,7,51,10.46,10.46,0.32,0.32,0.38
2022,1,8,51,11.68,11.68,0.75,0.75,0.58
2022,1,9,51,13.63,13.63,0.59,0.59,0.51
2022,1,10,51,14.13,14.13,0.7,0.7,0.61
2022,1,11,51,14.38,14.38,0.73,0.73,0.6
2022,1,12,51,15.09,14.63,0.21,0.21,0.34
2022,1,13,51,15.56,15.09,0.2777,0.29,0.37
2022,1,1,52,11.86,11.86,0.15,0.15,0.27
2022,1,2,52,14.71,14.15,0.16,0.16,0.28
2022,1,3,52,15.34,14.99,0.6815,0.71,0.57
2022,1,4,52,13.23,13.23,0.17,0.17,0.3
2022,1,5,52,11.78,11.78,2.7,2.7,1.01
2022,1,6,52,11.6,11.6,1.74,1.74,0.86
2022,1,7,52,11.46,11.46,0.2,0.2,0.31
2022,1,8,52,11.99,11.99,0.86,0.86,0.59
2022,1,9,52,11.36,11.36,1.33,1.33,0.68
2022,1,10,52,10.18,10.18,0.4,0.4,0.4
2022,1,11,52,9.32,9.32,1.06,1.06,0.73
2022,1,12,52,10.68,9.97,0.1837,0.19,0.31
2022,1,13,52,12.86,11.86,0.143,0.15,0.27
2022,1,1,53,7.56,7.56,0.46,0.46,0.5
2022,1,2,53,10.78,10.78,0.44,0.44,0.43
2022,1,3,53,13.05,13.05,0.17,0.17,0.26
2022,1,4,53,12.09,12.09,0.19,0.19,0.27
2022,1,5,53,10.82,10.82,0.5,0.5,0.46
2022,1,6,53,9.77,9.77,2.42,2.42,0.93
2022,1,7,53,9.71,9.71,0.17,0.17,0.32
2022,1,8,53,8.66,8.66,0.16,0.16,0.29
2022,1,9,53,7.19,7.19,0.92,0.92,0.61
2022,1,10,53,5.09,5.09,0.59,0.59,0.49
2022,1,11,53,4.63,4.63,0.44,0.44,0.49
2022,1,12,53,5.34,5.34,0.53,0.53,0.53
2022,1,13,53,7.56,7.56,0.46,0.46,0.5
2022,1,1,54,4.76,4.85,0.4593,0.46,0.47
2022,1,2,54,7.08,7.02,0.2018,0.21,0.29
2022,1,3,54,9.09,8.71,0.3293,0.33,0.36
2022,1,4,54,9.02,8.74,0.2617,0.27,0.34
2022,1,5,54,8.3,8.3,3.8,3.8,1.07
2022,1,6,54,7.61,7.61,3.8,3.8,1.06
2022,1,7,54,7.53,7.53,0.19,0.19,0.28
2022,1,8,54,6.36,6.36,0.18,0.18,0.29
2022,1,9,54,4.53,4.53,0.26,0.26,0.29
2022,1,10,54,3.19,3.19,0.43,0.43,0.4
2022,1,11,54,3.04,3.04,0.21,0.21,0.27
2022,1,12,54,3.75,3.75,0.66,0.66,0.59
2022,1,13,54,4.85,4.85,0.46,0.46,0.47
2022,1,1,55,2.56,2.81,0.3229,0.33,0.36
2022,1,2,55,4.54,4.63,0.3592,0.37,0.38
2022,1,3,55,6.15,6.29,1.0646,1.1,0.67
2022,1,4,55,7.18,7.28,1.0693,1.15,0.73
2022,1,5,55,7.76,7.76,8.85,8.85,1.5
2022,1,6,55,6.94,6.94,1.74,1.74,0.88
2022,1,7,55,6.28,6.28,0.21,0.21,0.32
2022,1,8,55,4.38,4.38,0.17,0.17,0.27
2022,1,9,55,2.96,2.96,0.23,0.23,0.29
2022,1,10,55,1.9,1.9,0.24,0.24,0.27
2022,1,11,55,1.83,1.83,0.28,0.28,0.37
2022,1,12,55,2.19,2.19,0.39,0.39,0.43
2022,1,13,55,2.81,2.81,0.33,0.33,0.36
2022,1,1,56,13.11,13.14,0.4147,0.43,0.46
2022,1,2,56,12.08,12.08,1.18,1.18,0.69
2022,1,3,56,12.04,12.04,0.77,0.77,0.6
2022,1,4,56,12.35,12.35,0.22,0.22,0.31
2022,1,5,56,13.44,13.44,0.17,0.17,0.28
2022,1,6,56,12.93,12.93,0.38,0.38,0.47
2022,1,7,56,11.75,11.75,0.2,0.2,0.32
2022,1,8,56,10.94,10.94,0.63,0.63,0.49
2022,1,9,56,12.97,11.3,0.2288,0.23,0.29
2022,1,10,56,12.99,12.99,0.42,0.42,0.45
2022,1,11,56,13.83,13.53,0.6866,0.72,0.59
2022,1,12,56,14.06,14.06,0.41,0.41,0.5
2022,1,13,56,13.14,13.14,0.43,0.43,0.46
2022,1,1,57,15.75,15.77,0.7954,0.84,0.62
2022,1,2,57,14.58,14.58,0.34,0.34,0.41
2022,1,3,57,13.56,13.56,0.58,0.58,0.51
2022,1,4,57,13.61,13.61,0.28,0.28,0.36
2022,1,5,57,13.59,13.59,0.28,0.28,0.4
2022,1,6,57,12.67,12.67,1.27,1.27,0.76
2022,1,7,57,10.9,10.9,0.3,0.3,0.4
2022,1,8,57,10.99,10.99,0.49,0.49,0.48
2022,1,9,57,14.31,13.13,0.2392,0.24,0.34
2022,1,10,57,15.16,15.16,4.64,4.64,1.07
2022,1,11,57,16.9,16.57,0.7169,0.72,0.59
2022,1,12,57,15.94,15.94,0.48,0.48,0.54
2022,1,13,57,15.77,15.77,0.84,0.84,0.62
2022,1,1,58,16.08,16.08,0.51,0.51,0.5
2022,1,2,58,15.34,15.34,0.15,0.15,0.27
2022,1,3,58,13.78,13.78,0.19,0.19,0.29
2022,1,4,58,14.46,14.46,0.15,0.15,0.29
2022,1,5,58,14.29,14.29,0.2,0.2,0.34
2022,1,6,58,13.31,13.31,0.96,0.96,0.66
2022,1,7,58,11.89,11.89,0.18,0.18,0.29
2022,1,8,58,11.98,11.98,0.96,0.96,0.64
2022,1,9,58,13.96,13.35,0.47,0.48,0.49
2022,1,10,58,15.53,15.53,1.69,1.69,0.82
2022,1,11,58,16.78,16.47,1.0155,1.05,0.68
2022,1,12,58,16.95,16.95,4.4,4.4,1.06
2022,1,13,58,16.08,16.08,0.51,0.51,0.5
2022,1,1,59,15.83,15.83,0.22,0.22,0.32
2022,1,2,59,16.04,15.47,0.3348,0.34,0.39
2022,1,3,59,15.14,14.84,1.4041,1.43,0.69
2022,1,4,59,13.34,13.34,0.18,0.18,0.29
2022,1,5,59,11.7,11.7,0.33,0.33,0.43
2022,1,6,59,10.49,10.49,0.36,0.36,0.4
2022,1,7,59,11.71,11.71,0.19,0.19,0.25
2022,1,8,59,12.45,12.45,0.58,0.58,0.46
2022,1,9,59,14.86,14.31,0.7788,0.78,0.52
2022,1,10,59,14.74,14.74,1.41,1.41,0.72
2022,1,11,59,14.96,14.96,3.34,3.34,0.97
2022,1,12,59,15.19,14.63,0.7319,0.74,0.58
2022,1,13,59,16.49,15.83,0.2177,0.22,0.32
2022,1,1,60,11.94,11.83,0.5243,0.54,0.5
2022,1,2,60,12.98,12.55,0.3568,0.36,0.37
2022,1,3,60,13.12,13.12,1.69,1.69,0.7
2022,1,4,60,12.3,12.3,1.28,1.28,0.69
2022,1,5,60,10.36,10.36,0.19,0.19,0.29
2022,1,6,60,9.99,9.99,0.66,0.66,0.5
2022,1,7,60,11.52,11.52,0.31,0.31,0.33
2022,1,8,60,12.12,12.12,0.79,0.79,0.51
2022,1,9,60,12.93,12.93,1.68,1.68,0.68
2022,1,10,60,12.5,12.5,1.05,1.05,0.63
2022,1,11,60,12.6,12.6,3.67,3.67,1.01
2022,1,12,60,12.44,12.44,3.58,3.58,1.01
2022,1,13,60,11.83,11.83,0.54,0.54,0.5
2022,1,1,61,8.68,8.69,0.3475,0.35,0.42
2022,1,2,61,10.59,10.47,0.1965,0.2,0.28
2022,1,3,61,11.94,11.3,0.245,0.25,0.29
2022,1,4,61,10.16,9.65,0.2192,0.22,0.29
2022,1,5,61,7.96,7.96,0.32,0.32,0.38
2022,1,6,61,7.62,7.62,1.33,1.33,0.71
2022,1,7,61,9.38,9.38,0.18,0.18,0.27
2022,1,8,61,9.56,9.56,0.55,0.55,0.44
2022,1,9,61,8.75,8.75,0.5,0.5,0.38
2022,1,10,61,6.94,6.94,0.38,0.38,0.4
2022,1,11,61,7.14,7.14,0.2,0.2,0.27
2022,1,12,61,7.93,7.93,1.15,1.15,0.7
2022,1,13,61,8.69,8.69,0.35,0.35,0.42
2022,1,1,62,6.31,6.95,0.5389,0.54,0.46
2022,1,2,62,8.38,8.48,0.307,0.32,0.31
2022,1,3,62,10.13,9.68,0.9161,0.92,0.53
2022,1,4,62,9.61,9.61,0.67,0.67,0.49
2022,1,5,62,8.49,8.49,0.23,0.23,0.28
2022,1,6,62,9.07,9.07,2.29,2.29,0.79
2022,1,7,62,9.83,9.83,0.26,0.26,0.29
2022,1,8,62,9.76,9.76,0.4,0.4,0.35
2022,1,9,62,8,8,0.53,0.53,0.39
2022,1,10,62,6.95,6.95,0.28,0.28,0.32
2022,1,11,62,5.87,5.87,0.17,0.17,0.21
2022,1,12,62,6.54,6.54,0.34,0.34,0.35
2022,1,13,62,6.95,6.95,0.54,0.54,0.46
2022,1,1,63,3.13,3.9,0.4196,0.42,0.39
2022,1,2,63,5.58,5.62,0.2765,0.28,0.29
2022,1,3,63,6.92,6.61,0.9044,0.91,0.56
2022,1,4,63,7.23,7.23,0.25,0.25,0.28
2022,1,5,63,6.23,6.23,0.23,0.23,0.29
2022,1,6,63,7.46,7.46,0.49,0.49,0.41
2022,1,7,63,7.97,7.97,0.16,0.16,0.25
2022,1,8,63,7.38,7.38,0.22,0.22,0.28
2022,1,9,63,4.58,4.58,0.4,0.4,0.39
2022,1,10,63,3.43,3.43,0.23,0.23,0.29
2022,1,11,63,2.86,2.86,0.19,0.19,0.22
2022,1,12,63,3.56,3.56,0.59,0.59,0.51
2022,1,13,63,3.9,3.9,0.42,0.42,0.39
2022,1,1,64,4.04,4.61,0.4288,0.44,0.43
2022,1,2,64,6.28,6.49,0.216,0.22,0.29
2022,1,3,64,7.67,7.45,0.274,0.28,0.33
2022,1,4,64,7.7,7.35,0.2773,0.28,0.35
2022,1,5,64,6.46,6.46,0.39,0.39,0.43
2022,1,6,64,6.79,6.79,1.06,1.06,0.66
2022,1,7,64,7.14,7.14,0.2,0.2,0.27
2022,1,8,64,6.75,6.75,0.26,0.26,0.29
2022,1,9,64,4.89,4.89,0.3,0.3,0.28
2022,1,10,64,3.69,3.69,0.26,0.26,0.29
2022,1,11,64,3.24,3.24,0.18,0.18,0.21
2022,1,12,64,3.97,3.97,0.42,0.42,0.41
2022,1,13,64,4.61,4.61,0.44,0.44,0.43
2022,1,1,65,0.91,1.16,0.2199,0.22,0.27
2022,1,2,65,1.62,1.68,0.2356,0.24,0.27
2022,1,3,65,2.79,2.86,0.5209,0.54,0.57
2022,1,4,65,4.53,4.53,1.06,1.06,0.85
2022,1,5,65,5.32,5.32,1.31,1.31,0.89
2022,1,6,65,5.31,5.31,0.36,0.36,0.43
2022,1,7,65,4.36,4.36,0.17,0.17,0.28
2022,1,8,65,3.17,3.17,0.17,0.17,0.26
2022,1,9,65,1.92,1.92,0.24,0.24,0.28
2022,1,10,65,1.41,1.41,0.24,0.24,0.28
2022,1,11,65,1.29,1.29,0.18,0.18,0.23
2022,1,12,65,1.19,1.19,0.23,0.23,0.28
2022,1,13,65,1.16,1.16,0.22,0.22,0.27
2022,1,1,66,9.89,10.89,0.64,0.64,0.54
2022,1,2,66,10.9,10.42,0.3568,0.36,0.37
2022,1,3,66,12.55,12.53,1.8617,1.93,0.82
2022,1,4,66,14.97,14.97,0.77,0.77,0.61
2022,1,5,66,18.48,18.26,0.5259,0.53,0.54
2022,1,6,66,17.61,17.61,0.24,0.24,0.4
2022,1,7,66,14.19,14.19,0.2,0.2,0.38
2022,1,8,66,10.48,10.48,0.32,0.32,0.39
2022,1,9,66,9.58,8.75,0.3549,0.37,0.38
2022,1,10,66,10.54,10,0.52,0.52,0.49
2022,1,11,66,11.63,11.24,2.08,2.08,0.85
2022,1,12,66,12.09,12.09,0.16,0.16,0.29
2022,1,13,66,10.89,10.89,0.64,0.64,0.54
2022,1,1,67,6.64,7.84,0.1992,0.2,0.28
2022,1,2,67,9.22,8.94,0.5262,0.53,0.47
2022,1,3,67,14.28,14.28,1.36,1.36,0.7
2022,1,4,67,18.8,18.8,0.64,0.64,0.56
2022,1,5,67,25.67,24.3,0.9877,1.01,0.67
2022,1,6,67,22.13,22.13,0.12,0.12,0.28
2022,1,7,67,19.03,19.03,0.14,0.14,0.29
2022,1,8,67,12.14,12.14,0.93,0.93,0.63
2022,1,9,67,7.61,7.61,0.19,0.19,0.27
2022,1,10,67,7.57,6.68,0.22,0.22,0.27
2022,1,11,67,7.98,7.11,0.17,0.17,0.23
2022,1,12,67,7.5,7.5,0.26,0.26,0.3
2022,1,13,67,7.84,7.84,0.2,0.2,0.28
2022,1,1,68,5.68,6.84,0.2293,0.23,0.32
2022,1,2,68,9.74,9.55,0.6195,0.62,0.55
2022,1,3,68,16.44,16.44,0.94,0.94,0.64
2022,1,4,68,21.19,21.19,1.13,1.13,0.71
2022,1,5,68,25,24.71,0.4366,0.44,0.52
2022,1,6,68,23.15,23.15,0.18,0.18,0.38
2022,1,7,68,20.83,20.83,0.12,0.12,0.28
2022,1,8,68,13.95,13.95,0.22,0.22,0.34
2022,1,9,68,8.5,8.5,0.2,0.2,0.29
2022,1,10,68,6.59,5.74,0.2798,0.28,0.29
2022,1,11,68,6.37,5.67,0.21,0.21,0.26
2022,1,12,68,6.1,6.1,0.19,0.19,0.26
2022,1,13,68,6.84,6.84,0.23,0.23,0.32
2022,1,1,69,14.06,14.45,0.3393,0.34,0.4
2022,1,2,69,14.04,13.48,0.2491,0.25,0.31
2022,1,3,69,14.58,14.65,1.9146,1.94,0.76
2022,1,4,69,16.99,16.99,0.27,0.27,0.34
2022,1,5,69,18.57,18.57,0.25,0.25,0.34
2022,1,6,69,18.61,18.61,0.27,0.27,0.37
2022,1,7,69,15.47,15.47,0.41,0.41,0.45
2022,1,8,69,12.91,12.91,0.97,0.97,0.6
2022,1,9,69,13.57,12.55,0.3381,0.34,0.37
2022,1,10,69,14.29,13.68,0.68,0.68,0.53
2022,1,11,69,15.76,15.25,1.741,1.75,0.77
2022,1,12,69,15.13,15.13,0.49,0.49,0.5
2022,1,13,69,14.45,14.45,0.34,0.34,0.4
2022,1,1,70,13.82,13.65,0.2933,0.3,0.38
2022,1,2,70,15.2,14.66,0.1772,0.18,0.26
2022,1,3,70,16.69,16.19,0.3482,0.36,0.35
2022,1,4,70,18.04,18.04,0.41,0.41,0.42
2022,1,5,70,17.97,17.97,0.24,0.24,0.34
2022,1,6,70,17.15,17.15,1.35,1.35,0.72
2022,1,7,70,14.69,14.69,0.16,0.16,0.29
2022,1,8,70,12.79,12.79,0.28,0.28,0.35
2022,1,9,70,13.71,12.97,0.2809,0.29,0.34
2022,1,10,70,14.88,14.49,0.76,0.76,0.57
2022,1,11,70,15.91,15.39,0.43,0.43,0.43
2022,1,12,70,14.76,14.76,0.47,0.47,0.46
2022,1,13,70,13.65,13.65,0.3,0.3,0.38
2022,1,1,71,11.15,11.22,0.3763,0.38,0.4
2022,1,2,71,12.5,12.52,1.3613,1.42,0.64
2022,1,3,71,14.35,13.86,0.5482,0.57,0.44
2022,1,4,71,15.42,15.42,0.5,0.5,0.46
2022,1,5,71,15.92,15.92,0.15,0.15,0.23
2022,1,6,71,14.93,14.93,0.22,0.22,0.29
2022,1,7,71,14.69,14.69,0.47,0.47,0.4
2022,1,8,71,14.27,14.27,1.33,1.33,0.64
2022,1,9,71,13.29,13.29,0.3,0.3,0.34
2022,1,10,71,13.67,13.67,4.35,4.35,1.07
2022,1,11,71,12.9,12.9,1.26,1.26,0.68
2022,1,12,71,12.18,12.18,1.05,1.05,0.63
2022,1,13,71,11.22,11.22,0.38,0.38,0.4
2022,1,1,72,5.44,4.84,0.1346,0.14,0.29
2022,1,2,72,5.29,5.1,1.0948,1.12,0.92
2022,1,3,72,4.92,4.92,0.58,0.58,0.7
2022,1,4,72,4.03,4.16,0.37,0.37,0.51
2022,1,5,72,2.68,2.88,0.4598,0.46,0.56
2022,1,6,72,2.03,1.93,0.38,0.38,0.51
2022,1,7,72,2.81,2.81,0.38,0.38,0.52
2022,1,8,72,4.56,4.56,0.27,0.27,0.45
2022,1,9,72,6.52,6.54,0.235,0.24,0.39
2022,1,10,72,7.07,7.07,0.25,0.25,0.41
2022,1,11,72,6.49,6.45,0.8854,0.89,0.77
2022,1,12,72,5.58,5.58,0.66,0.66,0.7
2022,1,13,72,4.84,4.84,0.14,0.14,0.29
2022,1,1,73,5.26,5,0.5278,0.55,0.67
2022,1,2,73,5.57,5.57,1.52,1.52,1.03
2022,1,3,73,5.33,5.34,0.7143,0.73,0.76
2022,1,4,73,3.89,4.08,0.2393,0.24,0.43
2022,1,5,73,2.44,2.61,0.3495,0.35,0.54
2022,1,6,73,1.79,1.79,0.4087,0.42,0.59
2022,1,7,73,2.73,2.73,0.83,0.83,1.03
2022,1,8,73,4.07,4.17,1.1235,1.16,1.04
2022,1,9,73,5.35,5.46,0.23,0.23,0.42
2022,1,10,73,6.05,6.1,0.13,0.13,0.3
2022,1,11,73,5.49,5.61,1.6297,1.63,1.04
2022,1,12,73,5.17,5.25,1.5719,1.58,1.06
2022,1,13,73,5.01,5,0.5386,0.55,0.67
2022,1,1,74,4.86,4.56,0.2617,0.27,0.47
2022,1,2,74,4.04,3.92,0.33,0.33,0.54
2022,1,3,74,3.1,3.1,0.68,0.68,0.84
2022,1,4,74,2.18,2.27,0.4385,0.44,0.67
2022,1,5,74,1.31,1.43,0.4914,0.5,0.76
2022,1,6,74,1.08,1.08,0.22,0.22,0.38
2022,1,7,74,2.43,2.43,0.93,0.93,0.95
2022,1,8,74,4.62,4.62,1.31,1.31,0.95
2022,1,9,74,6.59,6.8,1.0085,1.01,0.75
2022,1,10,74,7.75,7.71,0.81,0.81,0.68
2022,1,11,74,7.05,7.09,2.0486,2.05,1.03
2022,1,12,74,5.92,5.92,1.2899,1.29,0.93
2022,1,13,74,4.56,4.56,0.27,0.27,0.47
2022,1,1,75,19.96,18.8,0.3458,0.35,0.41
2022,1,2,75,17.68,16.96,0.2888,0.29,0.37
2022,1,3,75,11.93,11.93,0.29,0.29,0.39
2022,1,4,75,7.33,7.46,0.6442,0.66,0.6
2022,1,5,75,5.05,5.18,0.4736,0.49,0.55
2022,1,6,75,5.31,5.31,0.23,0.23,0.3
2022,1,7,75,11.6,11.6,5.11,5.11,1.07
2022,1,8,75,20.97,21.523,7.54563,7.56,1.5
2022,1,9,75,27.8,28.7,9.2806,9.3,1.05
2022,1,10,75,31.73,31.79,8.17,8.17,1.02
2022,1,11,75,27.28,27.28,4.77,4.77,0.92
2022,1,12,75,24.89,24.89,7.51,7.51,1.06
2022,1,13,75,18.8,18.8,0.35,0.35,0.41
2022,1,1,76,23.09,21.91,0.9885,0.99,0.59
2022,1,2,76,18.04,17.29,0.2757,0.28,0.36
2022,1,3,76,11.9,11.9,0.93,0.93,0.64
2022,1,4,76,6.91,7.07,1.4649,1.47,0.82
2022,1,5,76,5.22,5.2,0.4,0.4,0.45
2022,1,6,76,5.54,5.54,0.25,0.25,0.31
2022,1,7,76,12.82,12.82,1.96,1.96,0.76
2022,1,8,76,22.6,22.94,7.2069,7.39,1.04
2022,1,9,76,31.01,31.731,0.63051,0.78,1.06
2022,1,10,76,36.27,36.277,1.09007,1.09,1.5
2022,1,11,76,31.28,31.28,2.37,2.37,0.74
2022,1,12,76,27.84,27.84,3.3,3.3,0.84
2022,1,13,76,21.91,21.91,0.99,0.99,0.59
2022,1,1,77,3.39,3.39,0.29,0.29,0.53
2022,1,2,77,4.23,4.23,0.88,0.88,0.82
2022,1,3,77,3.97,4.13,0.4075,0.41,0.53
2022,1,4,77,3.07,3.37,0.4148,0.42,0.52
2022,1,5,77,2.13,2.26,0.2272,0.23,0.34
2022,1,6,77,2.03,2.16,0.1883,0.19,0.32
2022,1,7,77,2.87,2.78,0.2845,0.29,0.46
2022,1,8,77,3.1,3.14,0.1763,0.18,0.36
2022,1,9,77,3.48,3.43,0.27,0.27,0.43
2022,1,10,77,3.5,3.67,0.2485,0.25,0.39
2022,1,11,77,3.65,3.62,0.3095,0.31,0.47
2022,1,12,77,3.43,3.45,0.8287,0.83,0.86
2022,1,13,77,3.44,3.39,0.2898,0.29,0.53
2022,1,1,78,6.5,6.07,0.2281,0.23,0.39
2022,1,2,78,6.23,6.23,1.6,1.6,1.01
2022,1,3,78,5.88,5.92,0.3,0.3,0.49
2022,1,4,78,4.39,4.68,0.1687,0.18,0.34
2022,1,5,78,2.92,3.16,0.2646,0.27,0.43
2022,1,6,78,2.19,2.26,0.2541,0.26,0.43
2022,1,7,78,3.51,3.51,0.72,0.72,0.85
2022,1,8,78,5.28,5.43,4.3222,4.37,1.5
2022,1,9,78,6.98,7.08,0.572,0.58,0.61
2022,1,10,78,7.79,7.91,0.2071,0.21,0.34
2022,1,11,78,7.48,7.56,0.9987,1.02,0.74
2022,1,12,78,6.86,6.9,1.4759,1.48,0.89
2022,1,13,78,6.16,6.07,0.2263,0.23,0.39
2022,1,1,79,2.96,2.96,0.24,0.24,0.41
2022,1,2,79,3.49,3.49,0.31,0.31,0.42
2022,1,3,79,3.08,3.17,0.1695,0.17,0.31
2022,1,4,79,2.25,2.41,0.168,0.18,0.28
2022,1,5,79,1.21,1.3,0.1888,0.19,0.33
2022,1,6,79,0.93,0.87,0.1928,0.2,0.29
2022,1,7,79,1.46,1.46,0.37,0.37,0.63
2022,1,8,79,2.26,2.36,0.8066,0.81,1.07
2022,1,9,79,3.18,3.24,0.2162,0.22,0.4
2022,1,10,79,3.65,3.83,0.3074,0.31,0.47
2022,1,11,79,3.59,3.76,1.34,1.34,0.99
2022,1,12,79,3.28,3.32,0.7597,0.76,0.78
2022,1,13,79,3,2.96,0.2359,0.24,0.41
2022,1,1,80,3.12,3.12,0.25,0.25,0.43
2022,1,2,80,3.39,3.39,0.21,0.21,0.39
2022,1,3,80,3.31,3.27,0.1988,0.2,0.37
2022,1,4,80,2.48,2.54,0.1563,0.16,0.29
2022,1,5,80,1.48,1.52,0.1419,0.15,0.29
2022,1,6,80,1.07,1.07,0.18,0.18,0.29
2022,1,7,80,1.67,1.67,0.38,0.38,0.6
2022,1,8,80,2.43,2.56,0.3971,0.4,0.63
2022,1,9,80,3.52,3.69,0.2166,0.22,0.35
2022,1,10,80,3.96,4.13,0.3243,0.33,0.46
2022,1,11,80,3.95,4.06,0.7189,0.72,0.69
2022,1,12,80,3.42,3.47,0.7446,0.75,0.73
2022,1,13,80,3.12,3.12,0.2461,0.25,0.43
2022,1,1,81,14.48,13.99,0.3753,0.38,0.43
2022,1,2,81,11.87,11.62,0.5679,0.57,0.54
2022,1,3,81,8.38,8.19,0.18,0.18,0.32
2022,1,4,81,4.61,4.63,0.2604,0.28,0.38
2022,1,5,81,2.46,2.41,0.1597,0.16,0.29
2022,1,6,81,2.16,2.16,0.2,0.2,0.28
2022,1,7,81,5.48,5.48,0.83,0.83,0.62
2022,1,8,81,11.44,11.68,0.8494,0.86,0.6
2022,1,9,81,16.77,17.87,1.847,1.89,0.72
2022,1,10,81,20.11,20.64,1.6039,1.61,0.67
2022,1,11,81,19.17,19.44,3.25,3.25,0.84
2022,1,12,81,16.45,16.66,2.96,2.96,0.87
2022,1,13,81,14.03,13.99,0.3768,0.38,0.43
2022,1,1,82,24.55,23.71,0.5168,0.52,0.46
2022,1,2,82,18.47,17.93,0.4178,0.42,0.43
2022,1,3,82,12.21,11.89,0.1694,0.17,0.29
2022,1,4,82,5.99,6.04,0.8664,0.88,0.64
2022,1,5,82,3.5,3.41,0.1766,0.18,0.28
2022,1,6,82,3.12,3.12,0.21,0.21,0.27
2022,1,7,82,8.22,8.22,0.57,0.57,0.45
2022,1,8,82,18.4,18.69,1.7728,1.79,0.69
2022,1,9,82,27.63,29.1,5.2388,5.35,0.88
2022,1,10,82,35.46,36.221,3.53001,3.53,1.06
2022,1,11,82,32.31,32.621,2.20001,2.2,1.07
2022,1,12,82,28.81,28.73,2.4674,2.47,0.75
2022,1,13,82,23.88,23.71,0.5021,0.52,0.46
2022,1,1,83,5.33,5.2,0.1399,0.14,0.3
2022,1,2,83,5.7,5.51,0.1696,0.17,0.29
2022,1,3,83,4.58,4.93,0.2182,0.22,0.31
2022,1,4,83,3.48,3.64,0.3372,0.34,0.42
2022,1,5,83,2.61,2.6,0.1796,0.18,0.29
2022,1,6,83,3,2.91,0.1484,0.15,0.26
2022,1,7,83,3.46,3.81,0.2823,0.29,0.41
2022,1,8,83,4.12,4.36,0.1986,0.2,0.34
2022,1,9,83,4.82,4.68,0.2167,0.22,0.34
2022,1,10,83,4.98,5.09,0.35,0.35,0.45
2022,1,11,83,5.24,5.14,0.51,0.51,0.54
2022,1,12,83,5.27,5.08,0.2099,0.21,0.33
2022,1,13,83,5.33,5.2,0.1397,0.14,0.3
2022,1,1,84,2.13,2.16,0.2916,0.3,0.49
2022,1,2,84,2.06,2.16,0.1899,0.19,0.32
2022,1,3,84,1.55,1.7,0.2746,0.28,0.39
2022,1,4,84,1.87,1.82,0.1694,0.17,0.29
2022,1,5,84,2.23,2.17,0.27,0.27,0.48
2022,1,6,84,3.06,2.97,0.4391,0.44,0.58
2022,1,7,84,2.85,3.18,0.5571,0.56,0.62
2022,1,8,84,2.69,2.71,0.3329,0.34,0.44
2022,1,9,84,2.59,2.34,0.2199,0.22,0.3
2022,1,10,84,2.26,2.1,0.18,0.18,0.29
2022,1,11,84,2.45,2.22,0.18,0.18,0.27
2022,1,12,84,2.16,2.16,0.21,0.21,0.29
2022,1,13,84,2.25,2.16,0.3,0.3,0.49
2022,1,1,85,2.33,2.28,0.2281,0.23,0.45
2022,1,2,85,2.7,2.67,0.182,0.2,0.32
2022,1,3,85,2.23,2.39,0.2267,0.23,0.31
2022,1,4,85,2.12,2.06,0.2169,0.22,0.32
2022,1,5,85,1.58,1.57,0.1195,0.12,0.25
2022,1,6,85,1.8,1.64,0.14,0.14,0.23
2022,1,7,85,1.98,1.89,0.1867,0.19,0.26
2022,1,8,85,1.78,1.81,0.1654,0.17,0.28
2022,1,9,85,1.87,1.85,0.4096,0.41,0.58
2022,1,10,85,1.69,1.74,0.1975,0.2,0.39
2022,1,11,85,1.86,1.82,0.14,0.14,0.29
2022,1,12,85,2.05,1.96,0.18,0.18,0.32
2022,1,13,85,2.3,2.28,0.23,0.23,0.45
2022,1,1,86,3.13,3.13,0.25,0.25,0.47
2022,1,2,86,3.56,3.56,0.23,0.23,0.37
2022,1,3,86,3.03,3.26,0.1855,0.2,0.32
2022,1,4,86,2.52,2.55,0.1599,0.16,0.28
2022,1,5,86,1.58,1.67,0.1671,0.17,0.29
2022,1,6,86,1.7,1.57,0.1487,0.15,0.27
2022,1,7,86,1.9,1.9,0.15,0.15,0.27
2022,1,8,86,2.14,2.28,0.1474,0.15,0.28
2022,1,9,86,2.66,2.67,0.1589,0.16,0.29
2022,1,10,86,2.79,3.07,0.4563,0.47,0.6
2022,1,11,86,2.94,3.06,0.41,0.41,0.57
2022,1,12,86,3,3,0.36,0.36,0.55
2022,1,13,86,3.11,3.13,0.2493,0.25,0.47
2022,1,1,87,3.19,3.19,0.2,0.2,0.29
2022,1,2,87,2.72,2.72,0.18,0.18,0.27
2022,1,3,87,2.19,2.16,0.1594,0.16,0.28
2022,1,4,87,1.58,1.52,0.165,0.17,0.27
2022,1,5,87,0.9,0.92,0.2937,0.3,0.47
2022,1,6,87,0.66,0.66,0.16,0.16,0.25
2022,1,7,87,1.07,1.07,0.21,0.21,0.29
2022,1,8,87,1.66,1.77,0.1445,0.15,0.26
2022,1,9,87,2.87,2.99,0.2299,0.23,0.32
2022,1,10,87,3.56,3.88,0.34,0.34,0.4
2022,1,11,87,3.93,4.14,0.23,0.23,0.29
2022,1,12,87,3.75,3.7,0.25,0.25,0.31
2022,1,13,87,3.16,3.19,0.199,0.2,0.29
2022,1,1,88,13.7,13.7,0.91,0.91,0.52
2022,1,2,88,9.51,9.51,0.44,0.44,0.35
2022,1,3,88,5.32,5.04,0.39,0.39,0.4
2022,1,4,88,2.69,2.36,0.217,0.22,0.26
2022,1,5,88,0.95,0.8,0.2363,0.24,0.32
2022,1,6,88,0.46,0.46,0.23,0.23,0.27
2022,1,7,88,1.77,1.77,0.34,0.34,0.29
2022,1,8,88,5.72,5.57,0.2355,0.24,0.27
2022,1,9,88,10.63,11.25,0.4992,0.5,0.39
2022,1,10,88,15.1,16.6,1.36,1.36,0.57
2022,1,11,88,17.03,18.7,1.97,1.97,0.65
2022,1,12,88,17.02,17.77,0.52,0.52,0.37
2022,1,13,88,12.76,13.7,0.9054,0.91,0.52
2022,1,1,89,13.48,13.48,0.54,0.54,0.43
2022,1,2,89,9.02,9.02,0.48,0.48,0.4
2022,1,3,89,5.22,4.87,0.2686,0.27,0.32
2022,1,4,89,2.39,2.14,0.1799,0.18,0.25
2022,1,5,89,0.95,0.81,0.16,0.16,0.25
2022,1,6,89,0.56,0.56,0.19,0.19,0.26
2022,1,7,89,2.32,2.32,0.45,0.45,0.4
2022,1,8,89,6.64,6.39,0.2071,0.21,0.27
2022,1,9,89,13.12,14.2,1.0475,1.07,0.54
2022,1,10,89,17.91,19.65,2.9195,2.92,0.74
2022,1,11,89,19.86,21.25,6.4897,6.49,0.94
2022,1,12,89,18.46,18.76,0.2799,0.28,0.29
2022,1,13,89,13.09,13.48,0.5398,0.54,0.43
2022,1,1,90,2.43,2.28,0.1689,0.17,0.29
2022,1,2,90,2.1,1.99,0.2598,0.26,0.38
2022,1,3,90,1.5,1.48,0.1665,0.18,0.29
2022,1,4,90,1.69,1.57,0.19,0.19,0.33
2022,1,5,90,1.65,1.57,0.1167,0.12,0.25
2022,1,6,90,1.77,1.77,0.2,0.2,0.29
2022,1,7,90,1.85,1.85,0.36,0.36,0.45
2022,1,8,90,1.78,1.69,0.3191,0.32,0.44
2022,1,9,90,1.85,1.67,0.1767,0.18,0.22
2022,1,10,90,1.94,1.9,0.18,0.18,0.27
2022,1,11,90,2.32,2.35,0.18,0.18,0.28
2022,1,12,90,2.49,2.47,0.2598,0.26,0.38
2022,1,13,90,2.26,2.28,0.1696,0.17,0.29
2022,1,1,91,7.59,7.59,0.52,0.52,0.44
2022,1,2,91,4.95,4.95,0.31,0.31,0.29
2022,1,3,91,2.47,2.47,0.25,0.25,0.29
2022,1,4,91,1,1,0.19,0.19,0.23
2022,1,5,91,0.25,0.25,0.21,0.21,0.27
2022,1,6,91,0.33,0.33,0.2,0.2,0.21
2022,1,7,91,0.93,0.93,0.26,0.26,0.27
2022,1,8,91,2.49,2.49,0.23,0.23,0.27
2022,1,9,91,5.7,5.52,0.3499,0.35,0.36
2022,1,10,91,8.34,8.29,0.64,0.64,0.48
2022,1,11,91,9.23,9.82,0.5436,0.56,0.42
2022,1,12,91,9.05,9.78,0.6976,0.7,0.47
2022,1,13,91,6.96,7.59,0.5141,0.52,0.44
2022,1,1,92,8.54,8.54,0.66,0.66,0.48
2022,1,2,92,4.74,4.74,0.32,0.32,0.29
2022,1,3,92,1.99,1.99,0.26,0.26,0.29
2022,1,4,92,0.62,0.62,0.23,0.23,0.24
2022,1,5,92,0.15,0.15,0.15,0.15,0.18
2022,1,6,92,0.09,0.09,0.11,0.11,0.13
2022,1,7,92,0.72,0.72,0.3,0.3,0.29
2022,1,8,92,2.84,2.84,0.23,0.23,0.28
2022,1,9,92,6.94,7.04,1.55,1.55,0.74
2022,1,10,92,10.41,10.44,1.878,1.88,0.75
2022,1,11,92,11.22,11.88,0.6486,0.65,0.47
2022,1,12,92,10.12,11.12,0.9,0.9,0.52
2022,1,13,92,7.78,8.54,0.66,0.66,0.48
2022,1,1,93,6.7,6.11,0.339,0.35,0.29
2022,1,2,93,3,3,0.32,0.32,0.28
2022,1,3,93,1.12,1.12,0.26,0.26,0.27
2022,1,4,93,0.35,0.35,0.2,0.2,0.19
2022,1,5,93,0.22,0.22,0.13,0.13,0.18
2022,1,6,93,0.38,0.38,0.15,0.15,0.19
2022,1,7,93,0.7,0.7,0.19,0.19,0.2
2022,1,8,93,1.6,1.6,0.25,0.25,0.28
2022,1,9,93,4.25,3.59,0.2899,0.29,0.28
2022,1,10,93,5.98,5.98,0.34,0.34,0.29
2022,1,11,93,9.29,8.23,0.31,0.31,0.26
2022,1,12,93,8.35,8.32,0.3464,0.35,0.28
2022,1,13,93,5.86,6.11,0.3488,0.35,0.29
2022,1,1,94,2.2,2.04,0.2696,0.29,0.29
2022,1,2,94,1.3,1.11,0.221,0.23,0.28
2022,1,3,94,0.48,0.48,0.19,0.19,0.32
2022,1,4,94,0.47,0.47,0.15,0.15,0.26
2022,1,5,94,0.56,0.56,0.12,0.12,0.22
2022,1,6,94,0.71,0.71,0.17,0.17,0.24
2022,1,7,94,0.79,0.79,0.16,0.16,0.22
2022,1,8,94,0.89,0.89,0.16,0.16,0.25
2022,1,9,94,1.68,1.38,0.2374,0.24,0.27
2022,1,10,94,2.09,2.09,0.26,0.26,0.27
2022,1,11,94,3.46,2.94,0.27,0.27,0.25
2022,1,12,94,3.23,2.92,0.299,0.3,0.28
2022,1,13,94,1.99,2.04,0.2774,0.29,0.29
2022,1,1,95,1.98,1.79,0.2943,0.3,0.3
2022,1,2,95,1.12,1,0.2485,0.25,0.28
2022,1,3,95,0.58,0.47,0.1998,0.2,0.28
2022,1,4,95,0.64,0.64,0.2,0.2,0.26
2022,1,5,95,0.96,0.96,0.17,0.17,0.23
2022,1,6,95,1.21,1.21,0.22,0.22,0.26
2022,1,7,95,1.2,1.2,0.27,0.27,0.32
2022,1,8,95,1.12,1.12,0.25,0.25,0.34
2022,1,9,95,1.59,1.28,0.247,0.25,0.27
2022,1,10,95,1.5,1.5,0.27,0.27,0.28
2022,1,11,95,2.34,2.03,0.2691,0.28,0.27
2022,1,12,95,2.53,2.16,0.3066,0.31,0.29
2022,1,13,95,1.86,1.79,0.2956,0.3,0.3
2022,1,1,96,2.15,2.25,0.34,0.34,0.38
2022,1,2,96,1.39,1.32,0.1993,0.2,0.28
2022,1,3,96,0.62,0.49,0.2064,0.21,0.28
2022,1,4,96,1.3,1.3,0.18,0.18,0.29
2022,1,5,96,2.51,2.51,0.29,0.29,0.44
2022,1,6,96,3.33,3.33,0.16,0.16,0.28
2022,1,7,96,2.79,2.79,0.19,0.19,0.3
2022,1,8,96,1.99,1.99,0.33,0.33,0.38
2022,1,9,96,2.04,2.04,0.26,0.26,0.29
2022,1,10,96,2.22,2.22,0.29,0.29,0.27
2022,1,11,96,2.6,2.6,0.3,0.3,0.25
2022,1,12,96,2.84,2.84,0.28,0.28,0.28
2022,1,13,96,2.15,2.25,0.3345,0.34,0.38
2022,1,1,97,2.8,3,0.43,0.43,0.54
2022,1,2,97,1.92,2.22,0.2957,0.3,0.43
2022,1,3,97,1.25,1.3,0.1986,0.2,0.29
2022,1,4,97,2.69,2.69,0.28,0.28,0.43
2022,1,5,97,4.57,4.57,0.5,0.5,0.6
2022,1,6,97,5.81,5.81,1.08,1.08,0.83
2022,1,7,97,4.67,5,1.7155,1.73,1.07
2022,1,8,97,3.44,3.31,0.5134,0.52,0.57
2022,1,9,97,2.93,2.93,0.28,0.28,0.3
2022,1,10,97,3.21,3.21,0.25,0.25,0.27
2022,1,11,97,3.55,3.55,0.26,0.26,0.26
2022,1,12,97,3.6,3.6,0.25,0.25,0.29
2022,1,13,97,2.99,3,0.4298,0.43,0.54
2022,1,1,98,1.64,1.82,0.3518,0.36,0.45
2022,1,2,98,1.12,1.04,0.2182,0.22,0.27
2022,1,3,98,0.91,0.77,0.2718,0.28,0.37
2022,1,4,98,3.4,3.4,0.36,0.36,0.52
2022,1,5,98,5.91,5.91,0.16,0.16,0.34
2022,1,6,98,7.24,7.24,0.42,0.42,0.56
2022,1,7,98,5.17,5.17,0.16,0.16,0.29
2022,1,8,98,2.64,2.64,0.22,0.22,0.27
2022,1,9,98,2.16,2.16,0.29,0.29,0.29
2022,1,10,98,2.36,2.36,0.26,0.26,0.25
2022,1,11,98,2.72,2.72,0.29,0.29,0.27
2022,1,12,98,2.4,2.4,0.36,0.36,0.36
2022,1,13,98,1.84,1.82,0.3586,0.36,0.45
2022,1,1,99,2.21,2.48,0.628,0.65,0.8
2022,1,2,99,2.2,2.72,0.9471,0.95,0.88
2022,1,3,99,2.28,2.51,0.4066,0.42,0.51
2022,1,4,99,3.62,3.61,0.1388,0.14,0.3
2022,1,5,99,4.93,4.93,0.31,0.31,0.53
2022,1,6,99,5.78,5.78,0.46,0.46,0.63
2022,1,7,99,4.67,4.86,0.75,0.75,0.81
2022,1,8,99,3.46,3.34,0.2289,0.23,0.4
2022,1,9,99,2.75,2.75,0.51,0.51,0.67
2022,1,10,99,2.34,2.34,0.17,0.17,0.29
2022,1,11,99,2.3,2.3,0.38,0.38,0.51
2022,1,12,99,2.33,2.33,0.48,0.48,0.62
2022,1,13,99,2.48,2.48,0.65,0.65,0.8
2022,1,1,100,1.33,1.57,0.181,0.19,0.25
2022,1,2,100,2.37,2.5,0.3794,0.38,0.39
2022,1,3,100,3.34,3.5,0.4447,0.45,0.46
2022,1,4,100,5.32,5.34,0.9751,0.99,0.76
2022,1,5,100,6.42,6.42,1.55,1.55,0.91
2022,1,6,100,6.81,6.81,1.35,1.35,0.79
2022,1,7,100,5.59,5.59,0.3,0.3,0.4
2022,1,8,100,3.7,3.7,0.32,0.32,0.41
2022,1,9,100,2.16,2.16,0.24,0.24,0.3
2022,1,10,100,1.24,1.24,0.25,0.25,0.27
2022,1,11,100,1.23,1.23,0.21,0.21,0.28
2022,1,12,100,1.31,1.31,0.26,0.26,0.35
2022,1,13,100,1.57,1.57,0.19,0.19,0.25
2022,1,1,101,1.36,1.57,0.1948,0.2,0.29
2022,1,2,101,1.33,1.61,0.3391,0.34,0.4
2022,1,3,101,1.64,1.8,0.3135,0.33,0.42
2022,1,4,101,4,3.92,0.39,0.39,0.54
2022,1,5,101,5.86,5.86,0.14,0.14,0.29
2022,1,6,101,6.73,6.73,0.27,0.27,0.43
2022,1,7,101,5.32,5.28,0.1259,0.13,0.29
2022,1,8,101,3.47,3.47,0.32,0.32,0.49
2022,1,9,101,2.59,2.59,0.41,0.41,0.48
2022,1,10,101,1.99,1.99,0.3,0.3,0.36
2022,1,11,101,2.05,2.05,0.39,0.39,0.48
2022,1,12,101,1.74,1.74,0.28,0.28,0.39
2022,1,13,101,1.57,1.57,0.2,0.2,0.29
2022,1,1,102,0.88,1.07,0.208,0.21,0.29
2022,1,2,102,0.72,0.73,0.1894,0.19,0.2
2022,1,3,102,1.08,1.04,0.2286,0.23,0.27
2022,1,4,102,3.06,3.06,0.44,0.44,0.57
2022,1,5,102,4.67,4.67,0.33,0.33,0.44
2022,1,6,102,5.53,5.53,0.19,0.19,0.3
2022,1,7,102,4.26,4.26,0.16,0.16,0.28
2022,1,8,102,2.94,2.94,0.45,0.45,0.55
2022,1,9,102,2.28,2.28,0.35,0.35,0.4
2022,1,10,102,1.92,1.92,0.27,0.27,0.28
2022,1,11,102,1.98,1.98,0.26,0.26,0.28
2022,1,12,102,1.5,1.5,0.33,0.33,0.39
2022,1,13,102,1.07,1.07,0.21,0.21,0.29
