"YEAR","MN","LEAD","CD","ForecastedMEAN","ClimatologicalMEAN","ForecastedSD","ClimatologicalSD"
2022,1,1,1,27.19,25.94,2.634,2.94
2022,1,2,1,38.11,37.67,2.0446,2.25
2022,1,3,1,49.78,49.56,1.285,1.44
2022,1,4,1,58.88,58.73,1.3566,1.42
2022,1,5,1,63.42,63.11,1.0228,1.14
2022,1,6,1,62.1,61.66,1.2111,1.33
2022,1,7,1,55.04,54.27,1.3428,1.43
2022,1,8,1,44.6,43.9,1.5592,1.72
2022,1,9,1,32.98,32.23,2.0361,2.12
2022,1,10,1,23.05,21.97,2.9905,3.05
2022,1,11,1,16.84,16.11,3.0471,3.11
2022,1,12,1,18.33,17.47,3.3453,3.42
2022,1,13,1,26.89,25.94,2.8865,2.94
2022,1,1,2,33.34,32,2.5054,2.69
2022,1,2,2,42.79,42.31,1.9046,2.03
2022,1,3,2,53.22,53,1.1613,1.26
2022,1,4,2,61.81,61.63,1.2158,1.33
2022,1,5,2,66.51,66.17,1.0959,1.15
2022,1,6,2,65.51,65.01,1.2475,1.37
2022,1,7,2,58.77,57.94,1.3301,1.39
2022,1,8,2,48.71,47.97,1.4835,1.56
2022,1,9,2,37.75,37.11,1.7547,1.81
2022,1,10,2,28.82,27.87,2.5788,2.67
2022,1,11,2,23.62,22.91,2.7635,2.88
2022,1,12,2,25.11,24.32,3.1534,3.19
2022,1,13,2,32.91,32,2.6341,2.69
2022,1,1,3,32.47,31.4,2.6539,2.95
2022,1,2,3,42.87,42.39,2.0359,2.28
2022,1,3,3,53.92,53.68,1.3452,1.46
2022,1,4,3,62.39,62.16,1.2929,1.42
2022,1,5,3,66.39,66.04,1.2229,1.38
2022,1,6,3,65.21,64.63,1.4203,1.49
2022,1,7,3,58.23,57.57,1.4386,1.47
2022,1,8,3,48.26,47.64,1.4613,1.6
2022,1,9,3,37.3,36.59,2.0571,2.12
2022,1,10,3,28.36,27.26,2.9845,3.17
2022,1,11,3,22.85,22.29,3.3648,3.43
2022,1,12,3,24.58,23.54,3.5162,3.68
2022,1,13,3,32.37,31.4,2.9287,2.95
2022,1,1,4,38.69,37.54,2.4042,2.56
2022,1,2,4,47.69,47.11,1.698,1.88
2022,1,3,4,57.52,57.29,1.2175,1.31
2022,1,4,4,65.78,65.53,1.2482,1.37
2022,1,5,4,70.17,69.75,1.2047,1.34
2022,1,6,4,69.28,68.57,1.3954,1.52
2022,1,7,4,62.52,61.63,1.4694,1.5
2022,1,8,4,52.82,52.04,1.419,1.48
2022,1,9,4,42.42,41.75,1.8322,1.89
2022,1,10,4,34.36,33.38,2.6343,2.76
2022,1,11,4,29.77,29.18,3.1,3.1
2022,1,12,4,31.41,30.52,3.0847,3.27
2022,1,13,4,38.44,37.54,2.4628,2.56
2022,1,1,5,36.04,35.19,2.5052,2.78
2022,1,2,5,45.69,45.29,1.9334,2.16
2022,1,3,5,56.22,55.9,1.3773,1.51
2022,1,4,5,64.16,63.93,1.5729,1.62
2022,1,5,5,68.09,67.81,1.4636,1.56
2022,1,6,5,66.99,66.49,1.465,1.57
2022,1,7,5,60.31,59.85,1.4887,1.55
2022,1,8,5,50.77,50.34,1.4203,1.56
2022,1,9,5,40.54,39.93,2.0884,2.09
2022,1,10,5,32.36,31.37,2.9809,3.16
2022,1,11,5,27.39,26.89,3.3743,3.43
2022,1,12,5,29.1,28.07,3.5255,3.66
2022,1,13,5,36.07,35.19,2.7413,2.78
2022,1,1,6,41.5,40.88,2.2973,2.55
2022,1,2,6,51.23,50.8,1.9187,2.15
2022,1,3,6,61.26,60.81,1.6181,1.7
2022,1,4,6,68.46,68.17,1.6025,1.76
2022,1,5,6,71.97,71.73,1.4925,1.65
2022,1,6,6,70.51,70.16,1.6685,1.72
2022,1,7,6,63.72,63.48,1.6609,1.79
2022,1,8,6,53.86,53.65,1.7071,1.74
2022,1,9,6,43.39,42.96,2.1064,2.12
2022,1,10,6,35.14,34.42,2.9306,3.08
2022,1,11,6,31.14,30.7,3.2447,3.29
2022,1,12,6,34.01,33.04,3.2892,3.37
2022,1,13,6,41.65,40.88,2.5288,2.55
2022,1,1,7,44.6,43.78,2.0518,2.27
2022,1,2,7,53.55,52.74,1.6873,1.88
2022,1,3,7,62.81,62.38,1.5245,1.61
2022,1,4,7,70.36,70,1.3699,1.54
2022,1,5,7,74.37,73.95,1.263,1.39
2022,1,6,7,73.46,72.68,1.5137,1.56
2022,1,7,7,66.76,65.92,1.4579,1.61
2022,1,8,7,57.1,56.44,1.275,1.39
2022,1,9,7,47.01,46.38,1.7408,1.82
2022,1,10,7,39.54,38.6,2.581,2.7
2022,1,11,7,35.66,35.16,2.7424,2.88
2022,1,12,7,37.75,36.92,2.8291,2.93
2022,1,13,7,44.59,43.78,2.1423,2.27
2022,1,1,8,39.09,38.27,2.3322,2.53
2022,1,2,8,48.42,47.9,1.8768,2.03
2022,1,3,8,58.26,57.92,1.3411,1.43
2022,1,4,8,65.73,65.45,1.3492,1.49
2022,1,5,8,69.49,69.16,1.2833,1.41
2022,1,6,8,68.31,67.76,1.4401,1.47
2022,1,7,8,61.51,60.97,1.4125,1.49
2022,1,8,8,51.84,51.4,1.2779,1.34
2022,1,9,8,41.73,41.14,1.8527,1.89
2022,1,10,8,34,33.06,2.747,2.89
2022,1,11,8,29.78,29.27,3.0897,3.17
2022,1,12,8,31.96,30.98,3.1775,3.32
2022,1,13,8,39.11,38.27,2.5037,2.53
2022,1,1,9,43.85,43.25,1.8402,2.08
2022,1,2,9,52.48,51.94,1.8398,1.89
2022,1,3,9,61.45,60.91,1.5486,1.62
2022,1,4,9,67.89,67.58,1.3854,1.55
2022,1,5,9,71.32,71.05,1.208,1.28
2022,1,6,9,70.25,69.8,1.4518,1.53
2022,1,7,9,63.78,63.43,1.555,1.68
2022,1,8,9,54.44,54.11,1.4232,1.56
2022,1,9,9,44.82,44.27,1.8965,1.98
2022,1,10,9,37.61,36.84,2.648,2.72
2022,1,11,9,34.51,34,2.6436,2.82
2022,1,12,9,37,36.19,2.6107,2.68
2022,1,13,9,43.93,43.25,2.0621,2.08
2022,1,1,10,49.94,49.31,1.721,1.91
2022,1,2,10,58.11,57.32,1.6053,1.7
2022,1,3,10,66.7,65.98,1.5752,1.7
2022,1,4,10,73.11,72.72,1.2852,1.48
2022,1,5,10,76.59,76.25,1.0997,1.21
2022,1,6,10,75.72,75.05,1.3723,1.45
2022,1,7,10,69.44,68.75,1.5501,1.64
2022,1,8,10,60.35,59.8,1.3451,1.41
2022,1,9,10,51,50.4,1.7684,1.82
2022,1,10,10,44.27,43.44,2.4378,2.5
2022,1,11,10,41.39,40.87,2.4558,2.57
2022,1,12,10,43.57,42.88,2.2568,2.35
2022,1,13,10,49.98,49.31,1.8983,1.91
2022,1,1,11,48,47.42,1.6651,1.86
2022,1,2,11,55.81,55.19,1.7178,1.78
2022,1,3,11,63.7,63.15,1.456,1.53
2022,1,4,11,69.61,69.3,1.2358,1.35
2022,1,5,11,72.82,72.52,1.1198,1.2
2022,1,6,11,71.81,71.38,1.3263,1.35
2022,1,7,11,65.87,65.48,1.4522,1.62
2022,1,8,11,56.93,56.56,1.5735,1.61
2022,1,9,11,47.82,47.25,1.9227,1.94
2022,1,10,11,41.14,40.44,2.4258,2.46
2022,1,11,11,38.87,38.37,2.3889,2.47
2022,1,12,11,41.61,40.91,2.2865,2.29
2022,1,13,11,48.04,47.42,1.8363,1.86
2022,1,1,12,55.9,55.25,1.6788,1.88
2022,1,2,12,63.13,62.46,1.5646,1.62
2022,1,3,12,70.88,70.12,1.5032,1.59
2022,1,4,12,76.6,76.15,1.2428,1.36
2022,1,5,12,79.5,79.17,1.0188,1.05
2022,1,6,12,78.69,78.12,1.0643,1.18
2022,1,7,12,73.08,72.53,1.4313,1.51
2022,1,8,12,64.82,64.34,1.3745,1.44
2022,1,9,12,56.33,55.68,1.89,1.91
2022,1,10,12,50.18,49.36,2.346,2.43
2022,1,11,12,47.98,47.36,2.5229,2.58
2022,1,12,12,50.07,49.44,2.1162,2.17
2022,1,13,12,55.92,55.25,1.815,1.88
2022,1,1,13,53.46,52.85,1.6464,1.83
2022,1,2,13,61.11,60.47,1.629,1.7
2022,1,3,13,69.1,68.45,1.491,1.65
2022,1,4,13,75.14,74.72,1.4152,1.53
2022,1,5,13,78.28,77.94,1.2185,1.24
2022,1,6,13,77.18,76.64,1.2903,1.45
2022,1,7,13,70.95,70.46,1.5657,1.72
2022,1,8,13,61.92,61.51,1.4869,1.54
2022,1,9,13,52.95,52.34,1.8869,1.89
2022,1,10,13,46.6,45.85,2.3064,2.39
2022,1,11,13,44.52,43.94,2.3729,2.45
2022,1,12,13,47.2,46.51,2.0623,2.18
2022,1,13,13,53.49,52.85,1.7726,1.83
2022,1,1,14,28.74,28.56,3.256,3.54
2022,1,2,14,39.61,39.61,2.94,2.94
2022,1,3,14,51.17,50.95,1.9211,2.01
2022,1,4,14,60.03,59.9,1.708,1.85
2022,1,5,14,64.42,64.42,1.87,1.87
2022,1,6,14,63.24,63.19,1.4787,1.55
2022,1,7,14,56.12,56.09,1.5599,1.59
2022,1,8,14,45.47,45.47,2.28,2.28
2022,1,9,14,33.82,33.62,2.317,2.46
2022,1,10,14,24.27,23.79,3.437,3.48
2022,1,11,14,18.94,18.69,3.7053,3.76
2022,1,12,14,21.06,20.58,3.8185,3.87
2022,1,13,14,29.07,28.56,3.4161,3.54
2022,1,1,15,25.57,25.57,4.11,4.11
2022,1,2,15,38.85,38.85,3.42,3.42
2022,1,3,15,51.39,51.27,1.8348,2.07
2022,1,4,15,60.43,60.43,1.86,1.86
2022,1,5,15,64.72,64.72,1.86,1.86
2022,1,6,15,62.8,62.8,1.49,1.49
2022,1,7,15,54.67,54.67,1.6,1.6
2022,1,8,15,42.25,42.25,2.79,2.79
2022,1,9,15,28.18,28.18,3.24,3.24
2022,1,10,15,16.6,16.35,4.3435,4.52
2022,1,11,15,10.92,10.83,4.6115,4.78
2022,1,12,15,14.72,14.68,4.4828,4.51
2022,1,13,15,25.64,25.57,4.044,4.11
2022,1,1,16,26.5,26.5,4.45,4.45
2022,1,2,16,40.06,40.06,3.6,3.6
2022,1,3,16,53.03,53.03,2.02,2.02
2022,1,4,16,62.31,62.31,1.83,1.83
2022,1,5,16,66.7,66.7,1.95,1.95
2022,1,6,16,64.57,64.57,1.66,1.66
2022,1,7,16,55.95,55.95,1.71,1.71
2022,1,8,16,42.79,42.79,2.7,2.7
2022,1,9,16,28.3,28.3,3.39,3.39
2022,1,10,16,16.62,16.62,4.69,4.69
2022,1,11,16,11.41,11.41,5.01,5.01
2022,1,12,16,15.4,15.4,4.78,4.78
2022,1,13,16,26.5,26.5,4.45,4.45
2022,1,1,17,29.1,29.1,4.29,4.29
2022,1,2,17,41,41,3.31,3.31
2022,1,3,17,52.54,52.54,1.72,1.72
2022,1,4,17,61.72,61.72,1.82,1.82
2022,1,5,17,66.63,66.63,2.07,2.07
2022,1,6,17,64.9,64.9,1.91,1.91
2022,1,7,17,56.12,56.12,1.84,1.84
2022,1,8,17,43.1,43.1,2.47,2.47
2022,1,9,17,29.59,29.59,3.12,3.12
2022,1,10,17,19.55,19.55,4.39,4.39
2022,1,11,17,15.32,15.32,4.85,4.85
2022,1,12,17,19.36,19.36,4.63,4.63
2022,1,13,17,29.1,29.1,4.29,4.29
2022,1,1,18,32.03,32.12,3.9579,4.09
2022,1,2,18,42.97,42.97,3.01,3.01
2022,1,3,18,53.44,53.44,1.54,1.54
2022,1,4,18,62.56,62.56,1.81,1.81
2022,1,5,18,67.77,67.77,2.08,2.08
2022,1,6,18,66.45,66.22,1.9549,2.14
2022,1,7,18,57.34,57.34,1.89,1.89
2022,1,8,18,44.33,44.33,2.24,2.24
2022,1,9,18,31.35,31.35,2.91,2.91
2022,1,10,18,22.13,22.13,3.96,3.96
2022,1,11,18,18.62,18.62,4.52,4.52
2022,1,12,18,23.05,23.05,4.33,4.33
2022,1,13,18,32.12,32.12,4.09,4.09
2022,1,1,19,31.91,32.26,4.0721,4.2
2022,1,2,19,41.88,41.88,2.98,2.98
2022,1,3,19,51.27,51.27,1.6,1.6
2022,1,4,19,59.64,59.64,1.72,1.72
2022,1,5,19,64.59,64.42,1.7262,1.91
2022,1,6,19,64.07,63.23,1.9881,2.22
2022,1,7,19,55.58,55.16,1.7198,1.88
2022,1,8,19,43.47,43.37,1.9647,2.08
2022,1,9,19,31.87,31.87,2.88,2.88
2022,1,10,19,23.96,23.96,3.92,3.92
2022,1,11,19,20.93,20.93,4.35,4.35
2022,1,12,19,24.57,24.57,4.22,4.22
2022,1,13,19,32.26,32.26,4.2,4.2
2022,1,1,20,34.29,34.49,3.2409,3.4
2022,1,2,20,42.67,42.67,2.49,2.49
2022,1,3,20,51.04,51.04,1.62,1.62
2022,1,4,20,59.5,59.5,1.73,1.73
2022,1,5,20,64.9,64.53,1.8523,1.97
2022,1,6,20,64.73,63.56,1.9873,2.11
2022,1,7,20,56.32,55.77,1.6576,1.76
2022,1,8,20,44.88,44.66,1.782,1.96
2022,1,9,20,34.07,34.07,2.35,2.35
2022,1,10,20,27.4,27.4,2.92,2.92
2022,1,11,20,24.95,24.95,3.46,3.46
2022,1,12,20,28.45,28.45,3.37,3.37
2022,1,13,20,34.49,34.49,3.4,3.4
2022,1,1,21,33.78,34.13,2.4719,2.57
2022,1,2,21,42.06,42.06,2.02,2.02
2022,1,3,21,49.7,49.7,1.71,1.71
2022,1,4,21,57.6,57.52,1.448,1.59
2022,1,5,21,62.4,61.98,1.5123,1.66
2022,1,6,21,62.23,61.14,1.568,1.77
2022,1,7,21,54.24,53.66,1.3641,1.43
2022,1,8,21,42.95,42.78,1.3717,1.47
2022,1,9,21,32.28,32.28,1.61,1.61
2022,1,10,21,25.93,25.93,2.09,2.09
2022,1,11,21,24.11,24.11,2.64,2.64
2022,1,12,21,28.11,28.11,2.53,2.53
2022,1,13,21,34.13,34.13,2.57,2.57
2022,1,1,22,33.72,33.34,2.8644,3.09
2022,1,2,22,44.01,43.78,2.3269,2.58
2022,1,3,22,55.06,54.75,1.7116,1.87
2022,1,4,22,63.47,63.27,1.7218,1.86
2022,1,5,22,67.51,67.51,1.88,1.88
2022,1,6,22,66.19,66.04,1.5548,1.73
2022,1,7,22,59.24,59.15,1.6192,1.7
2022,1,8,22,49.11,49.09,1.9977,2.01
2022,1,9,22,38.47,38.22,2.1531,2.18
2022,1,10,22,29.79,29.24,3.0635,3.19
2022,1,11,22,24.91,24.52,3.2417,3.45
2022,1,12,22,26.74,25.99,3.5109,3.69
2022,1,13,22,34.04,33.34,3.0704,3.09
2022,1,1,23,38.02,37.55,2.7544,2.85
2022,1,2,23,48.34,48.03,2.1988,2.35
2022,1,3,23,59.13,58.78,1.6058,1.71
2022,1,4,23,67.03,66.81,1.7035,1.8
2022,1,5,23,70.72,70.61,1.5774,1.77
2022,1,6,23,69.07,68.89,1.5016,1.66
2022,1,7,23,62.07,61.97,1.5649,1.67
2022,1,8,23,51.91,51.84,1.8319,1.88
2022,1,9,23,40.95,40.68,2.1575,2.16
2022,1,10,23,32.15,31.6,3.1602,3.22
2022,1,11,23,27.78,27.35,3.2808,3.48
2022,1,12,23,30.56,29.61,3.4234,3.64
2022,1,13,23,38.34,37.55,2.7364,2.85
2022,1,1,24,41.63,41.28,2.6182,2.84
2022,1,2,24,52.12,51.76,2.1815,2.38
2022,1,3,24,62.4,62.06,1.6506,1.74
2022,1,4,24,69.74,69.54,1.5807,1.68
2022,1,5,24,72.95,72.95,1.69,1.69
2022,1,6,24,71.16,71.16,1.65,1.65
2022,1,7,24,64.32,64.32,1.81,1.81
2022,1,8,24,54.07,54.07,2.05,2.05
2022,1,9,24,42.61,42.54,2.2741,2.29
2022,1,10,24,33.61,33.25,3.1787,3.24
2022,1,11,24,29.74,29.45,3.2602,3.45
2022,1,12,24,33.26,32.63,3.3134,3.51
2022,1,13,24,41.76,41.28,2.7381,2.84
2022,1,1,25,36.17,36.17,3.31,3.31
2022,1,2,25,47.43,47.32,2.4605,2.59
2022,1,3,25,58.49,58.25,1.6583,1.74
2022,1,4,25,66.73,66.56,1.6063,1.78
2022,1,5,25,70.5,70.5,1.87,1.87
2022,1,6,25,68.72,68.72,1.67,1.67
2022,1,7,25,61.36,61.36,1.71,1.71
2022,1,8,25,50.55,50.55,2.27,2.27
2022,1,9,25,38.37,38.37,2.54,2.54
2022,1,10,25,28.72,28.4,3.4101,3.52
2022,1,11,25,24.21,23.91,3.6442,3.9
2022,1,12,25,27.63,27.13,3.7164,3.88
2022,1,13,25,36.65,36.17,2.9973,3.31
2022,1,1,26,29.97,29.97,3.81,3.81
2022,1,2,26,42.09,42.09,3.12,3.12
2022,1,3,26,53.95,53.77,1.8342,1.94
2022,1,4,26,62.65,62.57,1.6858,1.78
2022,1,5,26,66.58,66.58,1.8,1.8
2022,1,6,26,64.74,64.74,1.47,1.47
2022,1,7,26,56.99,56.99,1.58,1.58
2022,1,8,26,45.61,45.61,2.54,2.54
2022,1,9,26,32.75,32.73,2.805,2.82
2022,1,10,26,22.44,22.09,3.7573,3.92
2022,1,11,26,17.3,17.09,3.9952,4.17
2022,1,12,26,20.7,20.34,3.8878,4.07
2022,1,13,26,30.32,29.97,3.6207,3.81
2022,1,1,27,31.08,31.08,4,4
2022,1,2,27,43.85,43.85,3.22,3.22
2022,1,3,27,56.12,56.01,1.8102,1.91
2022,1,4,27,64.89,64.89,1.76,1.76
2022,1,5,27,68.83,68.83,1.82,1.82
2022,1,6,27,66.78,66.78,1.49,1.49
2022,1,7,27,58.7,58.7,1.58,1.58
2022,1,8,27,46.69,46.69,2.67,2.67
2022,1,9,27,33.01,33.01,3.05,3.05
2022,1,10,27,21.94,21.76,3.9808,4.13
2022,1,11,27,16.74,16.74,4.46,4.46
2022,1,12,27,20.67,20.58,4.1016,4.24
2022,1,13,27,31.21,31.08,3.7701,4
2022,1,1,28,30.54,30.54,4.27,4.27
2022,1,2,28,43.34,43.34,3.33,3.33
2022,1,3,28,55.71,55.71,1.97,1.97
2022,1,4,28,64.87,64.87,1.84,1.84
2022,1,5,28,69.05,69.05,1.98,1.98
2022,1,6,28,66.96,66.96,1.65,1.65
2022,1,7,28,58.61,58.61,1.64,1.64
2022,1,8,28,46.14,46.14,2.65,2.65
2022,1,9,28,32.19,32.19,3.17,3.17
2022,1,10,28,20.99,20.99,4.27,4.27
2022,1,11,28,16.13,16.13,4.77,4.77
2022,1,12,28,20.1,20.1,4.53,4.53
2022,1,13,28,30.54,30.54,4.27,4.27
2022,1,1,29,33.55,33.55,4.06,4.06
2022,1,2,29,44.73,44.73,3.14,3.14
2022,1,3,29,55.92,55.92,1.93,1.93
2022,1,4,29,65.41,65.41,2.02,2.02
2022,1,5,29,70.48,70.48,2.3,2.3
2022,1,6,29,69.05,68.92,1.8346,2
2022,1,7,29,60.17,60.17,1.9,1.9
2022,1,8,29,47.49,47.49,2.4,2.4
2022,1,9,29,34.12,34.12,2.97,2.97
2022,1,10,29,24.4,24.4,3.88,3.88
2022,1,11,29,20.43,20.43,4.46,4.46
2022,1,12,29,24.5,24.5,4.28,4.28
2022,1,13,29,33.55,33.55,4.06,4.06
2022,1,1,30,34.46,34.46,3.83,3.83
2022,1,2,30,44.32,44.32,2.98,2.98
2022,1,3,30,54.54,54.54,1.96,1.96
2022,1,4,30,64.01,64.01,2.18,2.18
2022,1,5,30,69.54,69.46,2.2633,2.38
2022,1,6,30,68.54,68.15,1.938,2.16
2022,1,7,30,59.38,59.38,1.96,1.96
2022,1,8,30,47,47,2.26,2.26
2022,1,9,30,34.58,34.58,2.81,2.81
2022,1,10,30,26.35,26.35,3.68,3.68
2022,1,11,30,23.01,23.01,4.31,4.31
2022,1,12,30,26.86,26.86,4.08,4.08
2022,1,13,30,34.46,34.46,3.83,3.83
2022,1,1,31,34.34,34.34,3.08,3.08
2022,1,2,31,43.05,43.05,2.45,2.45
2022,1,3,31,52.13,52.13,1.89,1.89
2022,1,4,31,61.66,61.57,1.8391,2
2022,1,5,31,67.62,67.27,2.0133,2.16
2022,1,6,31,66.93,66.11,1.8657,1.98
2022,1,7,31,57.69,57.36,1.68,1.88
2022,1,8,31,45.54,45.35,1.9761,2.13
2022,1,9,31,33.72,33.72,2.34,2.34
2022,1,10,31,26.64,26.64,2.84,2.84
2022,1,11,31,23.87,23.87,3.39,3.39
2022,1,12,31,27.91,27.91,3.21,3.21
2022,1,13,31,34.34,34.34,3.08,3.08
2022,1,1,32,32.76,32.76,2.6,2.6
2022,1,2,32,41.55,41.55,2.2,2.2
2022,1,3,32,50.13,50.13,1.93,1.93
2022,1,4,32,58.85,58.73,1.6713,1.81
2022,1,5,32,64.2,63.71,1.7996,1.9
2022,1,6,32,63.56,62.5,1.5722,1.77
2022,1,7,32,54.86,54.36,1.4727,1.63
2022,1,8,32,43.14,42.81,1.7566,1.92
2022,1,9,32,31.13,31.13,2.06,2.06
2022,1,10,32,23.64,23.64,2.32,2.32
2022,1,11,32,21.09,21.09,2.72,2.72
2022,1,12,32,25.71,25.71,2.6,2.6
2022,1,13,32,32.76,32.76,2.6,2.6
2022,1,1,33,36.5,36.5,3.45,3.45
2022,1,2,33,48.21,48.21,2.65,2.65
2022,1,3,33,59.59,59.42,1.5544,1.66
2022,1,4,33,67.72,67.62,1.5087,1.66
2022,1,5,33,71.36,71.36,1.7,1.7
2022,1,6,33,69.29,69.29,1.57,1.57
2022,1,7,33,61.69,61.69,1.67,1.67
2022,1,8,33,50.42,50.42,2.35,2.35
2022,1,9,33,37.74,37.74,2.62,2.62
2022,1,10,33,27.55,27.37,3.3485,3.6
2022,1,11,33,22.99,22.9,4.0076,4.12
2022,1,12,33,26.87,26.68,3.684,3.93
2022,1,13,33,36.69,36.5,3.1724,3.45
2022,1,1,34,35.71,35.71,3.6,3.6
2022,1,2,34,47.37,47.37,2.96,2.96
2022,1,3,34,58.76,58.76,1.93,1.93
2022,1,4,34,67.48,67.48,1.84,1.84
2022,1,5,34,71.53,71.53,1.95,1.95
2022,1,6,34,69.42,69.42,1.74,1.74
2022,1,7,34,61.39,61.39,1.68,1.68
2022,1,8,34,49.5,49.5,2.45,2.45
2022,1,9,34,36.31,36.31,2.77,2.77
2022,1,10,34,26.05,26.05,3.64,3.64
2022,1,11,34,21.89,21.89,4.18,4.18
2022,1,12,34,26.08,26.08,3.95,3.95
2022,1,13,34,35.71,35.71,3.6,3.6
2022,1,1,35,38.4,38.23,2.7365,2.99
2022,1,2,35,47.91,47.86,2.4741,2.52
2022,1,3,35,57.93,57.93,1.89,1.89
2022,1,4,35,67.02,66.91,1.6757,1.88
2022,1,5,35,71.84,71.75,1.9495,2.08
2022,1,6,35,70.31,70.01,1.6829,1.87
2022,1,7,35,61.68,61.68,1.83,1.83
2022,1,8,35,49.97,49.97,2.25,2.25
2022,1,9,35,37.89,37.89,2.41,2.41
2022,1,10,35,29.72,29.72,2.92,2.92
2022,1,11,35,26.65,26.65,3.42,3.42
2022,1,12,35,30.69,30.69,3.22,3.22
2022,1,13,35,38.23,38.23,2.99,2.99
2022,1,1,36,39.78,39.66,2.8888,3.06
2022,1,2,36,50.31,50.19,2.386,2.59
2022,1,3,36,60.79,60.69,1.7831,1.87
2022,1,4,36,69.22,69.12,1.5764,1.73
2022,1,5,36,73.31,73.31,1.82,1.82
2022,1,6,36,71.4,71.28,1.5316,1.72
2022,1,7,36,63.43,63.43,1.8,1.8
2022,1,8,36,51.93,51.93,2.28,2.28
2022,1,9,36,39.59,39.59,2.41,2.41
2022,1,10,36,30.38,30.38,3.04,3.04
2022,1,11,36,26.82,26.82,3.56,3.56
2022,1,12,36,30.97,30.97,3.44,3.44
2022,1,13,36,39.66,39.66,3.06,3.06
2022,1,1,37,37.26,37.12,2.3244,2.44
2022,1,2,37,45.59,45.44,1.948,2.17
2022,1,3,37,54.55,54.55,1.95,1.95
2022,1,4,37,63.85,63.69,1.7341,1.86
2022,1,5,37,69.24,68.92,1.8458,1.95
2022,1,6,37,68.08,67.46,1.4578,1.64
2022,1,7,37,59.23,59,1.5394,1.71
2022,1,8,37,47.84,47.64,1.7825,1.96
2022,1,9,37,36.49,36.49,2,2
2022,1,10,37,29.89,29.89,2.25,2.25
2022,1,11,37,27.44,27.44,2.7,2.7
2022,1,12,37,31.2,31.2,2.5,2.5
2022,1,13,37,37.12,37.12,2.44,2.44
2022,1,1,38,46.28,45.74,2.1239,2.16
2022,1,2,38,55.09,54.6,1.868,1.96
2022,1,3,38,64,63.5,1.5799,1.67
2022,1,4,38,70.46,70.19,1.4353,1.54
2022,1,5,38,73.92,73.65,1.2895,1.45
2022,1,6,38,72.7,72.33,1.4315,1.6
2022,1,7,38,66.15,65.92,1.6865,1.85
2022,1,8,38,56.56,56.34,1.7301,1.78
2022,1,9,38,46.67,46.23,2.0109,2.06
2022,1,10,38,39.16,38.54,2.7794,2.81
2022,1,11,38,36.24,35.77,2.7321,2.9
2022,1,12,38,39.25,38.38,2.5368,2.82
2022,1,13,38,46.42,45.74,1.9805,2.16
2022,1,1,39,47.66,47.15,2.211,2.36
2022,1,2,39,56.86,56.4,2.0269,2.13
2022,1,3,39,66.06,65.63,1.5437,1.68
2022,1,4,39,72.74,72.5,1.5126,1.59
2022,1,5,39,76.07,75.91,1.3882,1.54
2022,1,6,39,74.55,74.36,1.4375,1.61
2022,1,7,39,67.86,67.81,1.7162,1.8
2022,1,8,39,58,57.9,1.8429,1.88
2022,1,9,39,47.55,47.33,2.0657,2.07
2022,1,10,39,39.7,39.24,2.7346,2.83
2022,1,11,39,36.74,36.37,2.755,2.93
2022,1,12,39,40.2,39.39,2.7232,2.98
2022,1,13,39,47.79,47.15,2.1552,2.36
2022,1,1,40,47.54,47.18,2.319,2.47
2022,1,2,40,56.88,56.41,1.9589,2.19
2022,1,3,40,66.08,65.69,1.6055,1.71
2022,1,4,40,72.99,72.78,1.6099,1.68
2022,1,5,40,76.47,76.35,1.5148,1.67
2022,1,6,40,74.66,74.58,1.4551,1.62
2022,1,7,40,67.66,67.66,1.71,1.71
2022,1,8,40,57.58,57.58,1.95,1.95
2022,1,9,40,46.86,46.86,2.09,2.09
2022,1,10,40,38.97,38.77,2.6703,2.74
2022,1,11,40,36.06,35.89,2.5167,2.81
2022,1,12,40,39.44,39.25,2.7482,2.89
2022,1,13,40,47.34,47.18,2.3461,2.47
2022,1,1,41,43.23,43.01,2.7174,2.96
2022,1,2,41,53.65,53.34,2.1389,2.41
2022,1,3,41,63.76,63.46,1.6249,1.73
2022,1,4,41,71.17,71.02,1.5444,1.62
2022,1,5,41,74.68,74.68,1.65,1.65
2022,1,6,41,72.83,72.83,1.63,1.63
2022,1,7,41,65.68,65.68,1.77,1.77
2022,1,8,41,55.19,55.19,2.14,2.14
2022,1,9,41,43.66,43.66,2.31,2.31
2022,1,10,41,34.6,34.43,3.0176,3.1
2022,1,11,41,30.92,30.73,3.0788,3.38
2022,1,12,41,34.45,34.17,3.0813,3.41
2022,1,13,41,43.23,43.01,2.7291,2.96
2022,1,1,42,44.08,43.85,2.6653,2.96
2022,1,2,42,54.12,53.85,2.2031,2.42
2022,1,3,42,64.02,63.74,1.6382,1.77
2022,1,4,42,71.63,71.48,1.6273,1.72
2022,1,5,42,75.47,75.47,1.79,1.79
2022,1,6,42,73.61,73.61,1.75,1.75
2022,1,7,42,66.26,66.26,1.78,1.78
2022,1,8,42,55.59,55.59,2.09,2.09
2022,1,9,42,44.1,44.1,2.28,2.28
2022,1,10,42,35.22,35.13,2.8201,2.96
2022,1,11,42,31.55,31.55,3.3,3.3
2022,1,12,42,35.22,35.22,3.37,3.37
2022,1,13,42,43.85,43.85,2.96,2.96
2022,1,1,43,47.07,46.7,2.44,2.74
2022,1,2,43,56.6,56.13,2.0856,2.29
2022,1,3,43,65.91,65.52,1.6632,1.77
2022,1,4,43,73.48,73.26,1.6612,1.75
2022,1,5,43,77.58,77.45,1.6885,1.85
2022,1,6,43,75.87,75.76,1.6136,1.79
2022,1,7,43,68.5,68.5,1.88,1.88
2022,1,8,43,57.72,57.72,2.06,2.06
2022,1,9,43,46.35,46.35,2.15,2.15
2022,1,10,43,37.81,37.81,2.66,2.66
2022,1,11,43,34.68,34.68,2.97,2.97
2022,1,12,43,38.59,38.59,3.03,3.03
2022,1,13,43,46.7,46.7,2.74,2.74
2022,1,1,44,45.08,44.74,2.573,2.78
2022,1,2,44,54.84,54.38,2.1984,2.36
2022,1,3,44,64.75,64.36,1.8762,1.98
2022,1,4,44,73.15,72.88,1.6962,1.88
2022,1,5,44,77.53,77.4,1.7529,1.84
2022,1,6,44,75.75,75.57,1.5991,1.78
2022,1,7,44,67.74,67.74,1.97,1.97
2022,1,8,44,56.33,56.33,2.15,2.15
2022,1,9,44,44.29,44.29,2.15,2.15
2022,1,10,44,35.76,35.76,2.49,2.49
2022,1,11,44,32.73,32.73,2.94,2.94
2022,1,12,44,36.86,36.86,3,3
2022,1,13,44,44.74,44.74,2.78,2.78
2022,1,1,45,44.88,44.47,2.1467,2.34
2022,1,2,45,53.98,53.42,1.9345,2.09
2022,1,3,45,63.53,63.07,1.8657,1.99
2022,1,4,45,72,71.63,1.8206,1.85
2022,1,5,45,76.53,76.19,1.705,1.84
2022,1,6,45,74.81,74.39,1.6204,1.72
2022,1,7,45,66.75,66.47,1.7176,1.87
2022,1,8,45,55.43,55.23,1.9445,2.01
2022,1,9,45,43.64,43.64,1.9,1.9
2022,1,10,45,36.04,36.04,2.25,2.25
2022,1,11,45,33.54,33.54,2.69,2.69
2022,1,12,45,37.53,37.53,2.61,2.61
2022,1,13,45,44.47,44.47,2.34,2.34
2022,1,1,46,37.96,37.6,1.816,2.03
2022,1,2,46,45.9,45.41,1.7939,1.94
2022,1,3,46,54.41,54.12,1.8742,1.95
2022,1,4,46,63.23,62.73,1.6661,1.77
2022,1,5,46,67.99,67.5,1.6887,1.8
2022,1,6,46,66.95,66.13,1.4883,1.65
2022,1,7,46,58.91,58.44,1.5201,1.67
2022,1,8,46,48.51,48.06,1.8954,1.97
2022,1,9,46,37.51,37.51,1.9,1.9
2022,1,10,46,31.1,31.1,2.15,2.15
2022,1,11,46,28.7,28.7,2.27,2.27
2022,1,12,46,32.13,32.13,2.18,2.18
2022,1,13,46,37.6,37.6,2.03,2.03
2022,1,1,47,40.08,39.57,1.5994,1.78
2022,1,2,47,48.28,47.55,1.6583,1.8
2022,1,3,47,57.08,56.45,1.8825,1.96
2022,1,4,47,65.46,64.76,1.6484,1.75
2022,1,5,47,69.77,69.18,1.6656,1.71
2022,1,6,47,68.41,67.62,1.4318,1.58
2022,1,7,47,60.72,60.1,1.4473,1.6
2022,1,8,47,50.38,49.68,1.8141,1.96
2022,1,9,47,38.89,38.89,1.92,1.92
2022,1,10,47,32.26,32.26,1.99,1.99
2022,1,11,47,30.13,30.13,2.05,2.05
2022,1,12,47,33.77,33.77,2.03,2.03
2022,1,13,47,39.57,39.57,1.78,1.78
2022,1,1,48,35.84,35.25,1.8089,2
2022,1,2,48,44.25,43.54,1.742,1.84
2022,1,3,48,52.73,52.17,1.9865,2.07
2022,1,4,48,61.36,60.32,1.754,1.88
2022,1,5,48,65.61,64.78,1.7164,1.76
2022,1,6,48,64.39,63.46,1.4099,1.55
2022,1,7,48,56.85,56.12,1.2962,1.41
2022,1,8,48,46.35,45.53,1.642,1.74
2022,1,9,48,34.23,34.03,1.8723,1.94
2022,1,10,48,26.15,26.15,2.16,2.16
2022,1,11,48,23.75,23.75,2.5,2.5
2022,1,12,48,28.16,28.16,2.51,2.51
2022,1,13,48,35.25,35.25,2,2
2022,1,1,49,30.54,30.41,2.2261,2.47
2022,1,2,49,39.34,39.23,1.9836,2.14
2022,1,3,49,48.09,48.09,1.97,1.97
2022,1,4,49,57.14,56.79,1.7319,1.79
2022,1,5,49,62.37,61.79,1.7318,1.78
2022,1,6,49,61.58,60.58,1.4286,1.58
2022,1,7,49,53.29,52.75,1.3476,1.46
2022,1,8,49,41.98,41.5,1.8147,1.92
2022,1,9,49,29.96,29.96,2.17,2.17
2022,1,10,49,22.34,22.34,2.66,2.66
2022,1,11,49,19.52,19.52,2.64,2.64
2022,1,12,49,23.67,23.67,2.61,2.61
2022,1,13,49,30.41,30.41,2.47,2.47
2022,1,1,50,50.82,50.2,1.9116,2.09
2022,1,2,50,58.87,58.29,1.858,1.88
2022,1,3,50,66.95,66.49,1.4809,1.58
2022,1,4,50,73.13,72.87,1.4279,1.47
2022,1,5,50,76.5,76.21,1.3706,1.49
2022,1,6,50,75.29,74.97,1.426,1.59
2022,1,7,50,68.93,68.78,1.6481,1.82
2022,1,8,50,59.65,59.41,1.7559,1.83
2022,1,9,50,49.98,49.65,2.0402,2.07
2022,1,10,50,43.08,42.57,2.5349,2.69
2022,1,11,50,40.93,40.46,2.5138,2.79
2022,1,12,50,44.09,43.34,2.6178,2.73
2022,1,13,50,50.8,50.2,1.9129,2.09
2022,1,1,51,53.07,52.45,2.0862,2.2
2022,1,2,51,61.48,60.88,1.8306,1.87
2022,1,3,51,69.81,69.39,1.4008,1.47
2022,1,4,51,76.08,75.83,1.3097,1.41
2022,1,5,51,79.29,79.03,1.4076,1.49
2022,1,6,51,77.74,77.53,1.3718,1.53
2022,1,7,51,71.18,71.18,1.7,1.7
2022,1,8,51,61.86,61.69,1.7655,1.82
2022,1,9,51,51.67,51.6,1.858,1.9
2022,1,10,51,44.62,44.32,2.3546,2.45
2022,1,11,51,42.28,42.06,2.2988,2.55
2022,1,12,51,45.61,45.27,2.5988,2.72
2022,1,13,51,52.75,52.45,2.0484,2.2
2022,1,1,52,50.53,50.13,2.2023,2.28
2022,1,2,52,58.92,58.41,1.909,1.94
2022,1,3,52,67.33,66.89,1.5089,1.58
2022,1,4,52,74.07,73.8,1.564,1.68
2022,1,5,52,77.96,77.74,1.7325,1.9
2022,1,6,52,76.51,76.36,1.6615,1.86
2022,1,7,52,69.72,69.72,1.77,1.77
2022,1,8,52,59.9,59.85,1.8473,1.91
2022,1,9,52,49.52,49.52,1.99,1.99
2022,1,10,52,42.04,41.99,2.3201,2.4
2022,1,11,52,39.46,39.46,2.52,2.52
2022,1,12,52,42.86,42.86,2.65,2.65
2022,1,13,52,50.13,50.13,2.28,2.28
2022,1,1,53,51.68,51.17,2.102,2.31
2022,1,2,53,60.4,59.75,1.8995,1.95
2022,1,3,53,69.18,68.57,1.6175,1.74
2022,1,4,53,76.57,76.16,1.8193,1.9
2022,1,5,53,80.72,80.4,1.9377,2.11
2022,1,6,53,79.16,78.91,1.6788,1.88
2022,1,7,53,72.02,71.86,1.6616,1.82
2022,1,8,53,61.35,61.31,1.852,1.87
2022,1,9,53,50.35,50.35,1.86,1.86
2022,1,10,53,42.62,42.62,2.12,2.12
2022,1,11,53,40.1,40.1,2.42,2.42
2022,1,12,53,43.96,43.96,2.52,2.52
2022,1,13,53,51.17,51.17,2.31,2.31
2022,1,1,54,55.31,54.48,2.0805,2.15
2022,1,2,54,63.72,62.75,1.8409,2.01
2022,1,3,54,72.19,71.1,1.95,2.13
2022,1,4,54,78.95,78.08,2.1834,2.26
2022,1,5,54,82.39,81.85,2.0265,2.19
2022,1,6,54,80.55,80.2,1.677,1.86
2022,1,7,54,73.93,73.54,1.6144,1.7
2022,1,8,54,63.82,63.46,1.6958,1.8
2022,1,9,54,53.11,53.11,1.8,1.8
2022,1,10,54,45.96,45.96,1.97,1.97
2022,1,11,54,43.8,43.8,2.08,2.08
2022,1,12,54,47.67,47.67,2.28,2.28
2022,1,13,54,54.48,54.48,2.15,2.15
2022,1,1,55,51.54,50.68,1.757,1.91
2022,1,2,55,59.79,58.77,1.758,1.88
2022,1,3,55,68.55,67.35,1.9642,2.06
2022,1,4,55,75.31,74.4,1.8191,1.94
2022,1,5,55,78.56,77.96,1.65,1.81
2022,1,6,55,76.38,76.02,1.5822,1.72
2022,1,7,55,69.85,69.33,1.4409,1.55
2022,1,8,55,59.89,59.32,1.6007,1.75
2022,1,9,55,49.11,49.06,1.7167,1.75
2022,1,10,55,42.19,42.19,1.86,1.86
2022,1,11,55,40.34,40.34,1.97,1.97
2022,1,12,55,44.17,44.17,1.97,1.97
2022,1,13,55,50.68,50.68,1.91,1.91
2022,1,1,56,55.72,54.97,1.8828,2.04
2022,1,2,56,62.81,62.09,1.6065,1.8
2022,1,3,56,69.91,69.36,1.4244,1.51
2022,1,4,56,75.71,75.3,1.3409,1.44
2022,1,5,56,78.75,78.36,1.2163,1.33
2022,1,6,56,77.76,77.3,1.235,1.38
2022,1,7,56,72.07,71.7,1.4918,1.6
2022,1,8,56,63.58,63.21,1.5557,1.59
2022,1,9,56,54.98,54.38,1.9685,1.97
2022,1,10,56,48.83,48.1,2.302,2.48
2022,1,11,56,47.01,46.38,2.4084,2.54
2022,1,12,56,49.81,49.06,2.2611,2.34
2022,1,13,56,55.67,54.97,1.9309,2.04
2022,1,1,57,55.86,55.04,1.9059,2.04
2022,1,2,57,63.01,62.27,1.5822,1.73
2022,1,3,57,70.15,69.64,1.3475,1.45
2022,1,4,57,76.01,75.65,1.2336,1.35
2022,1,5,57,79.2,78.81,1.3261,1.44
2022,1,6,57,78.28,77.87,1.4028,1.49
2022,1,7,57,72.54,72.22,1.6569,1.77
2022,1,8,57,63.74,63.36,1.7385,1.75
2022,1,9,57,54.62,54.15,1.9478,1.95
2022,1,10,57,48.29,47.66,2.2625,2.49
2022,1,11,57,46.71,46.09,2.3461,2.54
2022,1,12,57,49.69,48.95,2.4666,2.51
2022,1,13,57,55.69,55.04,1.9107,2.04
2022,1,1,58,58.26,57.34,1.9759,2.13
2022,1,2,58,65.24,64.48,1.5818,1.73
2022,1,3,58,72.11,71.65,1.2511,1.34
2022,1,4,58,77.63,77.33,1.1461,1.23
2022,1,5,58,80.6,80.26,1.2596,1.34
2022,1,6,58,79.62,79.31,1.2212,1.34
2022,1,7,58,74.14,73.9,1.489,1.56
2022,1,8,58,65.62,65.27,1.7076,1.71
2022,1,9,58,56.45,56.19,1.918,1.92
2022,1,10,58,50.26,49.84,2.236,2.37
2022,1,11,58,48.76,48.33,2.3574,2.56
2022,1,12,58,51.73,51.27,2.6076,2.69
2022,1,13,58,57.77,57.34,2.0091,2.13
2022,1,1,59,56.49,55.76,1.9611,2.09
2022,1,2,59,64.05,63.39,1.6259,1.72
2022,1,3,59,71.62,71.11,1.3761,1.48
2022,1,4,59,77.58,77.26,1.3809,1.47
2022,1,5,59,80.96,80.64,1.5399,1.64
2022,1,6,59,79.78,79.51,1.467,1.62
2022,1,7,59,73.66,73.52,1.5355,1.6
2022,1,8,59,64.53,64.32,1.6665,1.67
2022,1,9,59,54.71,54.67,1.7951,1.8
2022,1,10,59,48.18,48,2.0993,2.21
2022,1,11,59,46.17,46.06,2.1797,2.34
2022,1,12,59,49.32,49.25,2.4979,2.54
2022,1,13,59,55.83,55.76,2.0466,2.09
2022,1,1,60,59.4,58.52,1.9233,2.08
2022,1,2,60,66.41,65.62,1.61,1.71
2022,1,3,60,73.43,72.79,1.3645,1.47
2022,1,4,60,79.22,78.75,1.3747,1.48
2022,1,5,60,82.54,82.18,1.6101,1.67
2022,1,6,60,81.52,81.2,1.4993,1.62
2022,1,7,60,75.86,75.62,1.4737,1.53
2022,1,8,60,67.05,66.77,1.6189,1.62
2022,1,9,60,57.42,57.42,1.78,1.78
2022,1,10,60,51.03,50.96,2.0883,2.2
2022,1,11,60,49.12,49.12,2.32,2.32
2022,1,12,60,52.42,52.42,2.54,2.54
2022,1,13,60,58.52,58.52,2.08,2.08
2022,1,1,61,58.42,57.43,2.0515,2.14
2022,1,2,61,65.88,64.95,1.682,1.79
2022,1,3,61,73.44,72.57,1.5419,1.66
2022,1,4,61,79.81,79.08,1.6642,1.81
2022,1,5,61,83.37,82.9,1.8551,1.95
2022,1,6,61,82.18,81.79,1.6508,1.8
2022,1,7,61,76.19,75.82,1.5116,1.63
2022,1,8,61,66.7,66.36,1.6501,1.66
2022,1,9,61,56.5,56.5,1.73,1.73
2022,1,10,61,49.6,49.6,2.04,2.04
2022,1,11,61,47.52,47.52,2.23,2.23
2022,1,12,61,51.05,51.05,2.44,2.44
2022,1,13,61,57.43,57.43,2.14,2.14
2022,1,1,62,64.74,63.52,1.9078,2.13
2022,1,2,62,71.05,69.94,1.6988,1.79
2022,1,3,62,77.16,76.2,1.4984,1.58
2022,1,4,62,81.79,81.08,1.2939,1.41
2022,1,5,62,84.2,83.84,1.1786,1.28
2022,1,6,62,83.39,83.05,1.187,1.3
2022,1,7,62,79.05,78.74,1.069,1.12
2022,1,8,62,71.51,71.13,1.3954,1.42
2022,1,9,62,62.85,62.74,1.6164,1.63
2022,1,10,62,56.66,56.6,1.9429,2.03
2022,1,11,62,54.86,54.86,2.24,2.24
2022,1,12,62,58.06,57.92,2.2982,2.56
2022,1,13,62,63.61,63.52,1.9874,2.13
2022,1,1,63,68.66,67.38,2.0589,2.22
2022,1,2,63,74.82,73.57,1.7759,1.92
2022,1,3,63,80.45,79.36,1.6593,1.77
2022,1,4,63,84.24,83.53,1.3745,1.44
2022,1,5,63,86.08,85.77,1.1604,1.19
2022,1,6,63,85.06,84.73,1.1752,1.27
2022,1,7,63,80.99,80.7,1.0109,1.05
2022,1,8,63,73.86,73.5,1.2775,1.31
2022,1,9,63,65.7,65.49,1.5712,1.59
2022,1,10,63,59.69,59.55,1.9347,2
2022,1,11,63,58.18,58.18,2.23,2.23
2022,1,12,63,61.85,61.57,2.2393,2.52
2022,1,13,63,67.64,67.38,2.105,2.22
2022,1,1,64,60.9,59.6,1.7824,1.95
2022,1,2,64,68.24,66.93,1.7378,1.84
2022,1,3,64,75.42,74.01,1.8779,1.9
2022,1,4,64,80.51,79.51,1.7515,1.8
2022,1,5,64,82.89,82.41,1.4884,1.53
2022,1,6,64,81.33,80.95,1.3008,1.43
2022,1,7,64,75.89,75.52,1.1078,1.17
2022,1,8,64,67.16,66.74,1.3715,1.38
2022,1,9,64,57.72,57.56,1.4848,1.54
2022,1,10,64,51.1,51.1,1.8,1.8
2022,1,11,64,49.5,49.5,1.97,1.97
2022,1,12,64,53.33,53.21,1.9466,2.18
2022,1,13,64,59.68,59.6,1.8242,1.95
2022,1,1,65,59.96,58.58,1.7303,1.83
2022,1,2,65,67.45,66.09,1.7333,1.81
2022,1,3,65,75.14,73.77,1.7379,1.81
2022,1,4,65,80.29,79.11,1.5248,1.55
2022,1,5,65,82.01,81.34,1.3775,1.48
2022,1,6,65,79.73,79.21,1.6384,1.68
2022,1,7,65,74.54,73.82,1.4536,1.5
2022,1,8,65,65.87,65.07,1.6064,1.68
2022,1,9,65,56.24,55.77,1.529,1.57
2022,1,10,65,49.26,49.26,1.54,1.54
2022,1,11,65,48.13,48.13,1.52,1.52
2022,1,12,65,52.13,52.05,1.675,1.79
2022,1,13,65,58.77,58.58,1.6949,1.83
2022,1,1,66,61.81,60.92,2.0412,2.1
2022,1,2,66,67.91,67.1,1.777,1.82
2022,1,3,66,74,73.38,1.2894,1.37
2022,1,4,66,78.79,78.36,1.0516,1.08
2022,1,5,66,81.17,80.8,0.9596,0.99
2022,1,6,66,80.54,80.13,0.8893,0.93
2022,1,7,66,76.34,75.85,1.2232,1.3
2022,1,8,66,69.22,68.8,1.4491,1.51
2022,1,9,66,61.65,61,1.9991,2.02
2022,1,10,66,55.97,55.14,2.2905,2.43
2022,1,11,66,54.35,53.6,2.2176,2.45
2022,1,12,66,56.55,55.83,2.0558,2.18
2022,1,13,66,61.66,60.92,1.9711,2.1
2022,1,1,67,68.23,67.27,1.9877,2.08
2022,1,2,67,72.57,71.77,1.6588,1.74
2022,1,3,67,77.1,76.47,1.1137,1.19
2022,1,4,67,80.43,79.99,0.8219,0.84
2022,1,5,67,82.19,81.84,0.7199,0.76
2022,1,6,67,82.18,81.79,0.6482,0.72
2022,1,7,67,79.96,79.44,0.9558,1.02
2022,1,8,67,75.07,74.68,1.3373,1.38
2022,1,9,67,69.48,68.81,1.9873,2.03
2022,1,10,67,64.55,63.77,2.1872,2.23
2022,1,11,67,63.01,62.29,2.0784,2.28
2022,1,12,67,64.09,63.48,1.8588,2
2022,1,13,67,67.97,67.27,1.9873,2.08
2022,1,1,68,71.51,70.51,1.9666,2.03
2022,1,2,68,74.67,73.97,1.5026,1.56
2022,1,3,68,78.34,77.81,0.9665,1.04
2022,1,4,68,81.19,80.75,0.7021,0.76
2022,1,5,68,82.81,82.47,0.5775,0.63
2022,1,6,68,82.94,82.6,0.531,0.58
2022,1,7,68,81.37,80.93,0.7093,0.75
2022,1,8,68,77.49,77.19,1.1342,1.16
2022,1,9,68,73.04,72.44,1.767,1.78
2022,1,10,68,68.79,68.09,1.9272,2
2022,1,11,68,67.39,66.75,1.9561,2.15
2022,1,12,68,68.02,67.5,1.909,1.98
2022,1,13,68,71.18,70.51,1.9086,2.03
2022,1,1,69,60.61,59.62,2.0589,2.16
2022,1,2,69,67.01,66.16,1.7843,1.8
2022,1,3,69,73.28,72.73,1.2722,1.34
2022,1,4,69,78.34,77.94,1.061,1.17
2022,1,5,69,80.86,80.49,1.0437,1.14
2022,1,6,69,80.13,79.76,1.0569,1.12
2022,1,7,69,75.56,75.14,1.3847,1.43
2022,1,8,69,67.87,67.48,1.557,1.58
2022,1,9,69,59.71,59.19,1.8995,1.94
2022,1,10,69,53.95,53.25,2.37,2.45
2022,1,11,69,52.6,51.83,2.325,2.57
2022,1,12,69,55.07,54.32,2.3574,2.5
2022,1,13,69,60.32,59.62,2.0689,2.16
2022,1,1,70,62.59,61.57,2.0351,2.13
2022,1,2,70,68.81,67.98,1.571,1.73
2022,1,3,70,74.84,74.35,1.1929,1.26
2022,1,4,70,79.58,79.26,1.038,1.09
2022,1,5,70,82.05,81.76,0.9203,1.02
2022,1,6,70,81.34,81.07,0.9446,1.02
2022,1,7,70,76.93,76.65,1.1611,1.19
2022,1,8,70,69.45,69.09,1.3892,1.49
2022,1,9,70,61.08,60.84,1.7135,1.75
2022,1,10,70,55.3,54.88,2.2308,2.29
2022,1,11,70,53.87,53.47,2.1885,2.43
2022,1,12,70,56.46,56.11,2.5035,2.6
2022,1,13,70,61.93,61.57,1.9934,2.13
2022,1,1,71,63.53,62.48,2.0048,2.07
2022,1,2,71,69.65,68.81,1.4824,1.62
2022,1,3,71,75.66,75.1,1.164,1.21
2022,1,4,71,80.37,79.99,0.9748,1.04
2022,1,5,71,82.85,82.6,1.0184,1.02
2022,1,6,71,82.13,81.87,1.0295,1.09
2022,1,7,71,77.77,77.51,1.0934,1.15
2022,1,8,71,70.45,70.1,1.3994,1.45
2022,1,9,71,61.94,61.85,1.6414,1.67
2022,1,10,71,56.07,55.89,2.0146,2.15
2022,1,11,71,54.24,54.24,2.32,2.32
2022,1,12,71,57.11,57.03,2.4571,2.56
2022,1,13,71,62.57,62.48,1.9561,2.07
2022,1,1,72,38.58,39.16,2.2656,2.41
2022,1,2,72,46.77,46.91,1.6782,1.84
2022,1,3,72,54.25,54.25,1.81,1.81
2022,1,4,72,61.62,61.62,1.81,1.81
2022,1,5,72,66.69,65.94,1.5042,1.67
2022,1,6,72,66.34,65.29,1.5216,1.62
2022,1,7,72,58.44,57.76,1.2314,1.29
2022,1,8,72,46.91,46.77,1.2677,1.28
2022,1,9,72,36.28,36.28,1.62,1.62
2022,1,10,72,30.11,30.11,2.09,2.09
2022,1,11,72,28.72,28.72,2.7,2.7
2022,1,12,72,32.8,32.8,2.6,2.6
2022,1,13,72,39.16,39.16,2.41,2.41
2022,1,1,73,39.69,40.08,1.9541,2.1
2022,1,2,73,46.53,46.61,1.6167,1.79
2022,1,3,73,53.24,53.24,1.84,1.84
2022,1,4,73,61.02,60.74,1.6605,1.85
2022,1,5,73,66.41,65.36,1.6244,1.81
2022,1,6,73,66.07,64.94,1.6267,1.74
2022,1,7,73,58.68,57.87,1.3889,1.42
2022,1,8,73,47.91,47.71,1.2467,1.31
2022,1,9,73,38.02,38.02,1.43,1.43
2022,1,10,73,32.4,32.4,1.86,1.86
2022,1,11,73,31.12,31.12,2.42,2.42
2022,1,12,73,34.85,34.85,2.29,2.29
2022,1,13,73,40.08,40.08,2.1,2.1
2022,1,1,74,41.95,42.44,1.9584,2.09
2022,1,2,74,49.23,49.37,1.5683,1.76
2022,1,3,74,56.23,56.23,1.87,1.87
2022,1,4,74,63.66,63.5,1.7285,1.89
2022,1,5,74,68.8,67.85,1.5433,1.72
2022,1,6,74,68.36,67.4,1.3822,1.47
2022,1,7,74,61.07,60.36,1.174,1.24
2022,1,8,74,50.12,49.95,1.1074,1.17
2022,1,9,74,39.87,39.87,1.45,1.45
2022,1,10,74,33.98,33.98,1.93,1.93
2022,1,11,74,32.82,32.82,2.53,2.53
2022,1,12,74,36.74,36.74,2.46,2.46
2022,1,13,74,42.44,42.44,2.09,2.09
2022,1,1,75,42.53,43.05,1.8569,1.93
2022,1,2,75,47.63,47.84,1.7474,1.91
2022,1,3,75,53.06,53.06,1.82,1.82
2022,1,4,75,58.71,58.6,1.6053,1.78
2022,1,5,75,62.91,62.11,1.4434,1.58
2022,1,6,75,63.05,62.27,1.126,1.2
2022,1,7,75,58.04,57.44,1.0287,1.09
2022,1,8,75,50.13,50,0.972,1
2022,1,9,75,42.67,42.67,1.09,1.09
2022,1,10,75,38.72,38.72,1.38,1.38
2022,1,11,75,37.69,37.69,1.75,1.75
2022,1,12,75,39.82,39.82,1.9,1.9
2022,1,13,75,43.05,43.05,1.93,1.93
2022,1,1,76,44.82,45.3,1.4905,1.64
2022,1,2,76,48.83,49.02,1.5127,1.61
2022,1,3,76,53.2,53.2,1.49,1.49
2022,1,4,76,57.52,57.45,1.2767,1.41
2022,1,5,76,60.71,60.14,1.035,1.16
2022,1,6,76,60.94,60.36,0.8296,0.9
2022,1,7,76,57.47,56.94,0.88,0.98
2022,1,8,76,51.4,51.27,0.9887,1.02
2022,1,9,76,45.43,45.43,1.15,1.15
2022,1,10,76,42.16,42.16,1.35,1.35
2022,1,11,76,41.29,41.29,1.7,1.7
2022,1,12,76,42.87,42.87,1.72,1.72
2022,1,13,76,45.3,45.3,1.64,1.64
2022,1,1,77,35.46,35.46,2.64,2.64
2022,1,2,77,43.89,43.89,2.13,2.13
2022,1,3,77,52.01,52.01,2,2
2022,1,4,77,60.8,60.37,1.7084,1.83
2022,1,5,77,66.17,65.31,1.663,1.82
2022,1,6,77,65.52,64.46,1.5731,1.66
2022,1,7,77,57.45,56.69,1.3433,1.48
2022,1,8,77,45.81,45.4,1.5417,1.6
2022,1,9,77,34.09,34.09,1.74,1.74
2022,1,10,77,26.56,26.56,2.21,2.21
2022,1,11,77,24.18,24.18,2.79,2.79
2022,1,12,77,28.49,28.49,2.87,2.87
2022,1,13,77,35.46,35.46,2.64,2.64
2022,1,1,78,34.93,35.19,1.9865,2.2
2022,1,2,78,42.87,42.87,1.99,1.99
2022,1,3,78,50.29,50.29,1.92,1.92
2022,1,4,78,58.33,58.06,1.6086,1.79
2022,1,5,78,63.46,62.63,1.6024,1.75
2022,1,6,78,63.06,61.94,1.6155,1.73
2022,1,7,78,55.31,54.59,1.3004,1.4
2022,1,8,78,44.13,43.91,1.249,1.33
2022,1,9,78,33.35,33.35,1.4,1.4
2022,1,10,78,26.6,26.6,1.86,1.86
2022,1,11,78,24.73,24.73,2.18,2.18
2022,1,12,78,28.85,28.85,2.09,2.09
2022,1,13,78,35.19,35.19,2.2,2.2
2022,1,1,79,42.02,42.16,1.7438,1.94
2022,1,2,79,49.39,49.39,1.74,1.74
2022,1,3,79,56.67,56.67,1.91,1.91
2022,1,4,79,65.56,65.1,1.7154,1.93
2022,1,5,79,71.25,70.03,1.8228,1.94
2022,1,6,79,70.39,69.24,1.6647,1.76
2022,1,7,79,62.16,61.24,1.461,1.55
2022,1,8,79,50.2,49.91,1.4085,1.44
2022,1,9,79,39.15,39.15,1.59,1.59
2022,1,10,79,32.54,32.54,2,2
2022,1,11,79,31.37,31.37,2.52,2.52
2022,1,12,79,35.93,35.93,2.39,2.39
2022,1,13,79,42.16,42.16,1.94,1.94
2022,1,1,80,39.22,39.57,1.7526,1.93
2022,1,2,80,45.38,45.38,1.82,1.82
2022,1,3,80,51.66,51.66,1.87,1.87
2022,1,4,80,59.7,59.28,1.5959,1.79
2022,1,5,80,64.99,63.94,1.564,1.64
2022,1,6,80,64.72,63.76,1.4056,1.46
2022,1,7,80,57.97,57.13,1.2904,1.38
2022,1,8,80,47.93,47.67,1.2599,1.37
2022,1,9,80,38.49,38.49,1.44,1.44
2022,1,10,80,33.25,33.25,1.93,1.93
2022,1,11,80,32.08,32.08,2.33,2.33
2022,1,12,80,35.35,35.35,2.22,2.22
2022,1,13,80,39.57,39.57,1.93,1.93
2022,1,1,81,45.67,46.08,1.588,1.73
2022,1,2,81,50.58,50.64,1.7373,1.78
2022,1,3,81,55.86,55.86,1.77,1.77
2022,1,4,81,62.22,61.97,1.4577,1.65
2022,1,5,81,66.78,65.9,1.398,1.45
2022,1,6,81,66.87,66.19,0.9988,1.05
2022,1,7,81,61.69,61.05,1.0072,1.1
2022,1,8,81,53.45,53.25,1.0855,1.17
2022,1,9,81,45.56,45.56,1.22,1.22
2022,1,10,81,41.34,41.34,1.32,1.32
2022,1,11,81,40.49,40.49,1.73,1.73
2022,1,12,81,42.83,42.83,1.82,1.82
2022,1,13,81,46.08,46.08,1.73,1.73
2022,1,1,82,47.06,47.49,1.6418,1.72
2022,1,2,82,50.12,50.23,1.6183,1.72
2022,1,3,82,53.7,53.7,1.57,1.57
2022,1,4,82,57.75,57.6,1.2403,1.39
2022,1,5,82,60.92,60.25,1.0641,1.17
2022,1,6,82,61.37,60.75,0.8666,0.98
2022,1,7,82,58.79,58.21,0.9301,1.02
2022,1,8,82,53.71,53.55,0.9267,1
2022,1,9,82,48.5,48.5,1.16,1.16
2022,1,10,82,45.52,45.52,1.36,1.36
2022,1,11,82,44.69,44.69,1.67,1.67
2022,1,12,82,45.89,45.89,1.76,1.76
2022,1,13,82,47.49,47.49,1.72,1.72
2022,1,1,83,36.95,36.65,2.1704,2.31
2022,1,2,83,45.29,44.77,1.9463,2.14
2022,1,3,83,53.46,53.07,2.1339,2.26
2022,1,4,83,62.93,61.84,1.9243,2.08
2022,1,5,83,68.15,67.06,1.9209,2.02
2022,1,6,83,67.16,66.12,1.5035,1.68
2022,1,7,83,59.22,58.32,1.4319,1.55
2022,1,8,83,47.82,47.1,1.6026,1.69
2022,1,9,83,35.89,35.71,1.7956,1.84
2022,1,10,83,28.12,28.12,2.35,2.35
2022,1,11,83,25.78,25.78,2.64,2.64
2022,1,12,83,30.05,30.05,2.61,2.61
2022,1,13,83,36.65,36.65,2.31,2.31
2022,1,1,84,44.44,43.93,1.4387,1.59
2022,1,2,84,52.95,52.13,1.9497,1.96
2022,1,3,84,61.84,61.05,2.252,2.35
2022,1,4,84,71.33,69.78,2.0647,2.32
2022,1,5,84,75.66,74.59,1.6911,1.86
2022,1,6,84,73.85,72.93,1.3932,1.54
2022,1,7,84,65.64,64.74,1.4082,1.45
2022,1,8,84,54.01,53.13,1.5461,1.57
2022,1,9,84,41.44,41.06,1.7012,1.86
2022,1,10,84,33.34,33.34,2.2,2.2
2022,1,11,84,31.67,31.67,2.71,2.71
2022,1,12,84,36.73,36.73,2.33,2.33
2022,1,13,84,43.97,43.93,1.5315,1.59
2022,1,1,85,41.58,41.48,1.7307,1.92
2022,1,2,85,49.57,49.22,1.837,2.03
2022,1,3,85,57.96,57.49,2.324,2.33
2022,1,4,85,67.66,66.53,2.0696,2.09
2022,1,5,85,73.17,71.98,1.7667,1.89
2022,1,6,85,71.61,70.71,1.346,1.45
2022,1,7,85,63.15,62.18,1.4232,1.56
2022,1,8,85,50.94,50.15,1.6014,1.64
2022,1,9,85,38.75,38.39,1.8098,1.93
2022,1,10,85,30.97,30.97,2.59,2.59
2022,1,11,85,29.57,29.48,2.7836,2.97
2022,1,12,85,34.52,34.52,2.64,2.64
2022,1,13,85,41.56,41.48,1.8952,1.92
2022,1,1,86,36.97,36.97,2.05,2.05
2022,1,2,86,44.17,44.08,2.021,2.15
2022,1,3,86,52.1,51.75,2.1555,2.31
2022,1,4,86,61.44,60.45,2.0143,2.07
2022,1,5,86,66.88,65.71,1.7107,1.81
2022,1,6,86,65.71,64.86,1.2414,1.32
2022,1,7,86,58.12,57.17,1.3852,1.54
2022,1,8,86,47.03,46.4,1.4708,1.65
2022,1,9,86,36.05,35.87,1.8162,1.82
2022,1,10,86,29.26,29.26,2.59,2.59
2022,1,11,86,27.43,27.43,2.81,2.81
2022,1,12,86,31.39,31.39,2.53,2.53
2022,1,13,86,37.02,36.97,1.9854,2.05
2022,1,1,87,41.46,41.46,1.82,1.82
2022,1,2,87,47.77,47.77,2.23,2.23
2022,1,3,87,55.21,55,2.1262,2.27
2022,1,4,87,64.15,63.32,1.8978,2.08
2022,1,5,87,69.34,68.19,1.6696,1.77
2022,1,6,87,68.42,67.55,1.277,1.38
2022,1,7,87,61.28,60.31,1.4735,1.56
2022,1,8,87,50.77,50.21,1.5043,1.65
2022,1,9,87,40.4,40.18,1.7591,1.77
2022,1,10,87,34.43,34.2,2.1624,2.24
2022,1,11,87,33.06,32.87,2.0988,2.31
2022,1,12,87,36.66,36.55,1.9481,2
2022,1,13,87,41.68,41.46,1.7578,1.82
2022,1,1,88,48.47,48.61,1.854,1.95
2022,1,2,88,53.73,53.73,2.28,2.28
2022,1,3,88,60.22,60.13,2.0646,2.23
2022,1,4,88,67.62,67.1,1.812,1.98
2022,1,5,88,72.17,71.18,1.3938,1.58
2022,1,6,88,71.93,71.24,1.0417,1.16
2022,1,7,88,67.02,66.12,1.3612,1.49
2022,1,8,88,58.64,58.12,1.534,1.69
2022,1,9,88,49.69,49.43,1.6545,1.69
2022,1,10,88,44.4,44.02,1.6139,1.75
2022,1,11,88,42.94,42.71,1.5579,1.7
2022,1,12,88,45.3,45.09,1.6625,1.73
2022,1,13,88,48.9,48.61,1.8869,1.95
2022,1,1,89,49.79,50.08,1.5699,1.74
2022,1,2,89,53.92,53.92,1.81,1.81
2022,1,3,89,58.49,58.49,1.66,1.66
2022,1,4,89,63.74,63.51,1.3713,1.39
2022,1,5,89,67.29,66.6,1.024,1.12
2022,1,6,89,67.32,66.8,0.7877,0.86
2022,1,7,89,63.91,63.29,0.9502,1.06
2022,1,8,89,57.48,57.24,1.1016,1.11
2022,1,9,89,50.62,50.5,1.2382,1.33
2022,1,10,89,46.37,46.16,1.4026,1.5
2022,1,11,89,45.27,45.16,1.5318,1.66
2022,1,12,89,47.36,47.26,1.6013,1.69
2022,1,13,89,50.15,50.08,1.7154,1.74
2022,1,1,90,43.27,43.27,1.72,1.72
2022,1,2,90,50.19,50.08,1.9883,2.18
2022,1,3,90,58.58,58.05,2.1204,2.35
2022,1,4,90,67.51,66.53,1.995,2.03
2022,1,5,90,72.57,71.49,1.5786,1.63
2022,1,6,90,71.11,70.39,1.131,1.23
2022,1,7,90,63.86,62.88,1.4359,1.53
2022,1,8,90,53.11,52.24,1.5278,1.68
2022,1,9,90,42.07,41.59,1.6366,1.71
2022,1,10,90,35.48,35.1,2.0142,2.13
2022,1,11,90,34.09,33.76,1.971,2.19
2022,1,12,90,37.99,37.76,1.7363,1.82
2022,1,13,90,43.76,43.27,1.6691,1.72
2022,1,1,91,53.03,53.03,1.86,1.86
2022,1,2,91,58.17,58.17,2.22,2.22
2022,1,3,91,64.55,64.47,2.1419,2.16
2022,1,4,91,71.9,71.34,1.8803,1.89
2022,1,5,91,76.48,75.55,1.3419,1.45
2022,1,6,91,76.22,75.62,1.0643,1.17
2022,1,7,91,71.48,70.58,1.3417,1.5
2022,1,8,91,63.13,62.36,1.6153,1.7
2022,1,9,91,53.94,53.39,1.6254,1.75
2022,1,10,91,48.12,47.56,1.5568,1.68
2022,1,11,91,46.74,46.3,1.4747,1.58
2022,1,12,91,49.49,49.05,1.579,1.62
2022,1,13,91,53.47,53.03,1.8437,1.86
2022,1,1,92,54.19,54.19,1.69,1.69
2022,1,2,92,56.9,56.9,1.78,1.78
2022,1,3,92,60.27,60.27,1.6,1.6
2022,1,4,92,64,63.69,1.3701,1.38
2022,1,5,92,66.72,66.06,0.9797,1.03
2022,1,6,92,67.16,66.68,0.9201,0.97
2022,1,7,92,65.79,65.03,1.2426,1.31
2022,1,8,92,61.49,60.95,1.2965,1.36
2022,1,9,92,55.92,55.48,1.4473,1.47
2022,1,10,92,52.09,51.56,1.4952,1.53
2022,1,11,92,50.92,50.46,1.5063,1.53
2022,1,12,92,52.53,52.05,1.5603,1.6
2022,1,13,92,54.52,54.19,1.658,1.69
2022,1,1,93,56.85,56.85,1.88,1.88
2022,1,2,93,59.81,59.81,1.9,1.9
2022,1,3,93,63.73,63.61,1.6485,1.76
2022,1,4,93,68.42,67.95,1.39,1.5
2022,1,5,93,72.25,71.42,1.2442,1.32
2022,1,6,93,72.93,72.45,1.0363,1.17
2022,1,7,93,70.84,70.01,1.3544,1.46
2022,1,8,93,65.75,64.97,1.3726,1.53
2022,1,9,93,59.46,58.93,1.5043,1.52
2022,1,10,93,55.6,55.06,1.5388,1.58
2022,1,11,93,54.18,53.64,1.5314,1.6
2022,1,12,93,55.49,54.9,1.6498,1.73
2022,1,13,93,57.18,56.85,1.8237,1.88
2022,1,1,94,57.72,57.72,2.17,2.17
2022,1,2,94,64.24,64.24,2.43,2.43
2022,1,3,94,72.31,71.89,2.2828,2.43
2022,1,4,94,80.41,79.57,1.9166,1.98
2022,1,5,94,85.23,84.28,1.3621,1.45
2022,1,6,94,84.36,83.82,1.0873,1.16
2022,1,7,94,78.57,77.55,1.4851,1.64
2022,1,8,94,68.72,67.64,1.7265,1.83
2022,1,9,94,57.8,57.18,1.7455,1.77
2022,1,10,94,51.33,50.78,1.7599,1.88
2022,1,11,94,49.77,49.31,1.7918,1.83
2022,1,12,94,53.24,52.76,1.7801,1.84
2022,1,13,94,58.28,57.72,2.1195,2.17
2022,1,1,95,57.27,57.27,1.69,1.69
2022,1,2,95,64.76,64.55,2.0223,2.24
2022,1,3,95,73.61,73.03,2.2322,2.32
2022,1,4,95,82.49,81.37,2.055,2.18
2022,1,5,95,87.32,86.25,1.5004,1.65
2022,1,6,95,85.93,85.19,1.2755,1.4
2022,1,7,95,78.77,77.83,1.3939,1.44
2022,1,8,95,67.87,66.86,1.4809,1.65
2022,1,9,95,56.15,55.61,1.5109,1.56
2022,1,10,95,49.25,48.87,1.5439,1.68
2022,1,11,95,47.77,47.52,1.5807,1.61
2022,1,12,95,51.83,51.56,1.4568,1.58
2022,1,13,95,57.78,57.27,1.6518,1.69
2022,1,1,96,60.52,60.28,1.4659,1.64
2022,1,2,96,67.52,66.99,1.7708,1.95
2022,1,3,96,75.57,74.97,1.9724,2.01
2022,1,4,96,83.51,82.51,1.5789,1.69
2022,1,5,96,87.77,86.99,1.1051,1.22
2022,1,6,96,86.85,86.36,1.0459,1.13
2022,1,7,96,80.94,80.15,1.1852,1.23
2022,1,8,96,71.38,70.44,1.3305,1.5
2022,1,9,96,60.38,59.81,1.5975,1.61
2022,1,10,96,53.59,53.35,1.4396,1.55
2022,1,11,96,52.02,51.79,1.4423,1.47
2022,1,12,96,55.58,55.21,1.4168,1.5
2022,1,13,96,60.75,60.28,1.6169,1.64
2022,1,1,97,44.16,43.64,1.3952,1.55
2022,1,2,97,51.3,50.52,1.5397,1.67
2022,1,3,97,59.5,58.65,1.9371,2.05
2022,1,4,97,67.65,66.34,1.7029,1.74
2022,1,5,97,71.47,70.58,1.2685,1.36
2022,1,6,97,69.98,69.37,1.0396,1.12
2022,1,7,97,63.55,62.72,1.2203,1.27
2022,1,8,97,54.09,53.13,1.3963,1.48
2022,1,9,97,43.36,42.82,1.6724,1.68
2022,1,10,97,36.37,36.28,1.596,1.71
2022,1,11,97,34.67,34.6,1.9675,2.03
2022,1,12,97,38.29,38.18,1.7986,1.88
2022,1,13,97,43.86,43.64,1.4794,1.55
2022,1,1,98,56.63,56.13,1.4915,1.65
2022,1,2,98,63.27,62.53,1.5406,1.69
2022,1,3,98,71.13,70.4,1.8625,1.93
2022,1,4,98,78,76.9,1.4936,1.55
2022,1,5,98,81.11,80.32,1.1412,1.27
2022,1,6,98,79.55,79.03,1.1917,1.28
2022,1,7,98,74.47,73.67,1.2282,1.28
2022,1,8,98,66.38,65.39,1.5296,1.59
2022,1,9,98,56.46,55.87,1.6705,1.68
2022,1,10,98,49.95,49.78,1.4763,1.54
2022,1,11,98,48.34,48.15,1.5418,1.58
2022,1,12,98,51.61,51.23,1.522,1.63
2022,1,13,98,56.61,56.13,1.5646,1.65
2022,1,1,99,39.33,38.65,1.263,1.43
2022,1,2,99,46.85,46.13,1.3462,1.39
2022,1,3,99,55.35,54.46,1.7473,1.84
2022,1,4,99,63.13,62.11,1.5339,1.58
2022,1,5,99,66.93,66.23,1.2245,1.36
2022,1,6,99,65.51,64.87,1.1327,1.21
2022,1,7,99,58.81,58.11,1.1192,1.24
2022,1,8,99,49.02,48.14,1.4815,1.56
2022,1,9,99,37.58,37.35,1.8037,1.81
2022,1,10,99,30.21,30.21,2.12,2.12
2022,1,11,99,28.39,28.39,2.45,2.45
2022,1,12,99,32.42,32.42,2.15,2.15
2022,1,13,99,38.65,38.65,1.43,1.43
2022,1,1,100,51.15,50.23,1.2979,1.49
2022,1,2,100,58.92,57.94,1.5241,1.6
2022,1,3,100,67.69,66.47,1.8489,1.9
2022,1,4,100,74.48,73.38,1.6384,1.68
2022,1,5,100,77.47,76.73,1.5495,1.6
2022,1,6,100,75.35,74.78,1.5546,1.68
2022,1,7,100,68.98,68.24,1.4854,1.5
2022,1,8,100,59.35,58.53,1.6297,1.66
2022,1,9,100,48.76,48.45,1.7211,1.73
2022,1,10,100,41.9,41.9,1.75,1.75
2022,1,11,100,40.38,40.38,1.74,1.74
2022,1,12,100,44.08,44.08,1.68,1.68
2022,1,13,100,50.28,50.23,1.3878,1.49
2022,1,1,101,45.52,44.75,1.1561,1.3
2022,1,2,101,52.51,51.71,1.308,1.33
2022,1,3,101,60.89,59.87,1.6017,1.73
2022,1,4,101,67.98,66.89,1.3553,1.47
2022,1,5,101,71.26,70.46,1.2511,1.37
2022,1,6,101,69.36,68.78,1.2172,1.3
2022,1,7,101,63.19,62.39,1.1803,1.32
2022,1,8,101,54.01,53.04,1.4989,1.52
2022,1,9,101,43.64,43.2,1.704,1.72
2022,1,10,101,36.86,36.86,1.67,1.67
2022,1,11,101,35.57,35.57,1.75,1.75
2022,1,12,101,39.08,39.08,1.6,1.6
2022,1,13,101,44.81,44.75,1.2457,1.3
2022,1,1,102,53.56,52.58,1.2584,1.41
2022,1,2,102,60.71,59.68,1.4735,1.5
2022,1,3,102,69.2,67.97,1.6564,1.75
2022,1,4,102,75.8,74.65,1.4199,1.54
2022,1,5,102,78.79,77.92,1.386,1.51
2022,1,6,102,76.68,76.07,1.483,1.6
2022,1,7,102,70.8,69.92,1.3425,1.5
2022,1,8,102,61.53,60.6,1.4805,1.54
2022,1,9,102,51.12,50.61,1.5945,1.61
2022,1,10,102,44.13,44.13,1.45,1.45
2022,1,11,102,43,43,1.55,1.55
2022,1,12,102,46.75,46.71,1.3783,1.45
2022,1,13,102,52.72,52.58,1.3327,1.41
